cohort,anon_id,Post,Pre,ILA,CAP,FAC,took_FAC
1819,S6e1374d6,84.5,89.5,95,93,NA,No FAC
1819,S275dfefc,77,58.13,98,100,NA,No FAC
1819,S86cf68e3,63.75,80.75,62,64,NA,No FAC
1819,S6c94147e,93,92.75,56,76,78,FAC
1819,S8cf0572b,100,97,90,90,NA,No FAC
1819,Sbd80b50c,78.5,89.5,83,83,NA,No FAC
1819,Sef892c16,89,92,89,90,NA,No FAC
1819,Sf4c84eb1,87,92,84,75,NA,No FAC
1819,S1b68e3d4,71,58.5,82,71,NA,No FAC
1819,S65cbe81c,76.5,78.25,77,74,NA,No FAC
1819,S3da6c4c4,82,69.38,71,72,NA,No FAC
1819,Sa72a172f,82.5,80.75,78,77,NA,No FAC
1819,S5dac856c,93.38,83.38,96,88,NA,No FAC
1819,Sc6426351,78.75,NA,87,61,NA,No FAC
1819,Sc9b73fa2,62.25,74.13,80,54,NA,No FAC
1819,Sc37b80eb,29.13,NA,72,48,NA,No FAC
1819,S3c3ba7ad,93.88,85,83,55,NA,No FAC
1819,Sd976b3c8,62.63,NA,65,44,NA,No FAC
1819,S8ff9e573,73.88,70.88,91,75,NA,No FAC
1819,S48c4cd49,93.25,87,77,82,NA,No FAC
1819,S43be7090,54,53.25,74,58,NA,No FAC
1819,S6c15f1e3,75.75,81.25,66,49,60,FAC
1819,Sc3e5c2c8,84.5,77,91,66,72,FAC
1819,Sf6882079,76.5,82,86,85,NA,No FAC
1819,S84dd62b3,83.25,80.25,83,76,NA,No FAC
1819,S1899161a,94,84,89,74,NA,No FAC
1819,S391036d4,90,98.13,96,89,NA,No FAC
1819,S265b0c58,73.75,NA,69,60,NA,No FAC
1819,S7f75f85d,95,89.38,87,79,NA,No FAC
1819,S80ed1538,92,85,85,74,NA,No FAC
1819,S85ae9183,93,80.88,95,73,NA,No FAC
1819,S2f1e0cd5,72.63,67,83,58,NA,No FAC
1819,Sfce07e82,81.5,59.25,78,63,58,FAC
1819,S2cf8e900,92.5,82.5,91,91,NA,No FAC
1819,S5c7ee36a,80.25,80.25,86,69,NA,No FAC
1819,S8409beb7,60.13,86.25,83,69,NA,No FAC
1819,S7352a8e9,99.38,95,95,85,NA,No FAC
1819,Sb94942c5,88.25,80.13,86,83,NA,No FAC
1819,S94a92641,91.38,80.25,78,71,NA,No FAC
1819,S13abceaa,81.5,86.88,77,58,NA,No FAC
1819,Sda001215,87,NA,78,62,100,FAC
1819,S93814207,87,87,91,90,NA,No FAC
1819,S98389025,86,92,93,82,NA,No FAC
1819,S3da62f86,79.5,87.63,84,80,70,FAC
1819,Sb152ed3e,90.13,87.88,82,61,NA,No FAC
1819,Sacb6f8ab,67.75,87,84,48,NA,No FAC
1819,S472b33af,83.75,70.25,76,70,NA,No FAC
1819,S90a94720,90,85,88,84,NA,No FAC
1819,S6ccbc2e8,79.5,84.5,82,77,NA,No FAC
1819,Sa43bfc2c,71.5,80.25,85,61,NA,No FAC
1819,Sfe327949,85,NA,85,72,NA,No FAC
1819,S0c50d6d9,74.5,68.25,85,80,NA,No FAC
1819,S72926a69,86,NA,NA,26,68,FAC
1819,S785b736f,53.5,51,51,19,NA,No FAC
1819,S380b4ec5,59.5,0,40,16,56,FAC
1819,S12d15bb7,93.38,78.88,87,69,NA,No FAC
1819,S7c8a8307,56,22.5,59,55,NA,No FAC
1819,S562981c6,87,75.25,87,58,NA,No FAC
1819,S2cf5a610,89.5,84.38,86,55,NA,No FAC
1819,S2f1baa9a,78.25,69,73,62,NA,No FAC
1819,S4ea1ff46,89.5,82,99,88,NA,No FAC
1819,S6acd531d,69,83,59,0,NA,No FAC
1819,S08698fd9,71.38,58.5,86,73,NA,No FAC
1819,S249d314e,87,93.75,91,66,NA,No FAC
1819,Sd04a3a15,74,76.5,92,72,NA,No FAC
1819,S8c58faca,100,85.75,96,86,NA,No FAC
1819,S483c619d,90.75,82.63,83,67,NA,No FAC
1819,S5295023a,85.75,36.25,68,41,NA,No FAC
1819,S8f48a3bc,80.13,62.5,73,54,57,FAC
1819,Sa2c799a7,82,83.75,78,63,NA,No FAC
1819,S97ad45ea,94,94.5,95,88,71,FAC
1819,S9029a570,13.75,64,76,77,59,FAC
1819,Sda213b89,52,67.75,73,50,NA,No FAC
1819,S88e793e9,93.5,89,91,79,NA,No FAC
1819,S23673882,85.75,NA,84,82,77,FAC
1819,S8e7a2669,75.25,53.13,96,88,99,FAC
1819,Safa6a1dd,100,97,96,84,NA,No FAC
1819,S08e521da,75.75,NA,84,68,NA,No FAC
1819,S78c48339,92,NA,77,76,NA,No FAC
1819,S80aab1ae,97,81.38,84,63,NA,No FAC
1819,S9f26785c,41.5,NA,NA,54,NA,No FAC
1819,Sa6dc3ee3,85,93.75,98,83,NA,No FAC
1819,Sc9b15ce7,95,90,100,81,NA,No FAC
1819,Sd9ffcaab,69,81.5,68,60,NA,No FAC
1819,S9c34b999,64.5,29.5,60,63,75,FAC
1819,S23ca468d,84.13,NA,NA,72,NA,No FAC
1819,S14e8cb12,84.5,71.5,74,43,70,FAC
1819,S3a1d7bf4,75.75,73.13,77,70,NA,No FAC
1819,Sed4f3a5b,64.88,87.88,87,NA,NA,No FAC
1819,S973e48d9,32.5,45,78,71,NA,No FAC
1819,See75b42f,86.25,72,87,71,NA,No FAC
1819,Sc32a18f0,88.75,66.63,76,67,NA,No FAC
1819,S51ecd7a0,13.13,0,0,0,NA,No FAC
1819,S1e21d69a,69.5,48.5,73,41,NA,No FAC
1819,Sa1413557,97,92,95,77,NA,No FAC
1819,S729b1e96,80.25,78.38,88,83,NA,No FAC
1819,Secca0069,78.25,80.13,74,69,NA,No FAC
1819,S1289c67c,95.75,87,66,50,NA,No FAC
1819,S4c499f8b,82.25,60,66,50,NA,No FAC
1819,Sa419c271,90,77,97,83,NA,No FAC
1819,S68470904,92.75,85,87,72,NA,No FAC
1819,S17b66dd8,89.75,NA,65,77,NA,No FAC
1819,S9469b539,73.13,38.75,80,57,75,FAC
1819,S621f459b,36.5,NA,68,48,NA,No FAC
1819,S1e187018,97,82.88,78,84,NA,No FAC
1819,S8cee69bb,96.25,88.88,87,63,NA,No FAC
1819,S22c94c9c,57.63,73.5,78,55,NA,No FAC
1819,Sd5228523,87.5,87.88,87,89,NA,No FAC
1819,S601c4934,85.13,82,79,63,NA,No FAC
1819,Sd888735b,85,94,92,87,NA,No FAC
1819,S60367574,92,92,93,94,NA,No FAC
1819,Se01e616a,95,94.38,83,80,NA,No FAC
1819,S68ac1449,100,93.75,95,88,NA,No FAC
1819,Sa61324c2,70,38.75,87,60,NA,No FAC
1819,S2aa8f549,55.88,74.75,56,35,NA,No FAC
1819,S0038e0ff,89.5,100,86,85,NA,No FAC
1819,S5aec7c57,68.5,77,82,64,NA,No FAC
1819,S387ed1b2,22,28.25,0,0,NA,No FAC
1819,S6c2b33e9,63.75,NA,NA,49,NA,No FAC
1819,Sad3fd4be,57.13,48.25,69,53,NA,No FAC
1819,S960847d5,74.5,68.63,79,56,NA,No FAC
1819,S8a43bf70,51.75,63.75,83,72,NA,No FAC
1819,Sda40c0d9,64.5,51.5,52,62,61,FAC
1819,Sc8414c1a,79,27.13,82,70,56,FAC
1819,S0f5d2e41,87.75,73,62,70,NA,No FAC
1819,S9e835138,80.75,67.13,74,64,NA,No FAC
1819,S4ae43ce1,91,86.25,92,80,NA,No FAC
1819,S5ee00b11,49.5,NA,NA,45,NA,No FAC
1819,S902cc326,100,95,94,87,NA,No FAC
1819,Sd74c15d4,83.13,72,97,86,NA,No FAC
1819,S6d8109b9,86,67.75,76,62,66,FAC
1819,S2d7c6147,63.25,65.5,82,72,NA,No FAC
1819,S3b8753c0,63.13,86.25,89,69,NA,No FAC
1819,S5ab768be,79,55.38,55,51,48,FAC
1819,Sff931aed,88,97.5,77,74,NA,No FAC
1819,S10e4bc54,85.25,62,84,57,79,FAC
1819,S3872996f,27.63,33.13,54,0,NA,No FAC
1819,Sea8946fb,92.5,95,89,86,NA,No FAC
1819,S1c316f22,87,83.75,98,83,NA,No FAC
1819,Sb3c56368,80,62.5,60,45,82,FAC
1819,Se5926113,87,64.25,73,49,NA,No FAC
1819,S3ece132f,88.13,65.13,77,78,99,FAC
1819,Sfa9c3940,81.25,97.5,91,73,NA,No FAC
1819,S2a85424d,55.88,57.25,77,60,NA,No FAC
1819,S3d9513aa,87.75,88.38,94,88,NA,No FAC
1819,S20de7e60,91.25,78.25,90,74,NA,No FAC
1819,S226df75a,86,88.88,93,90,NA,No FAC
1819,Sc98b10ba,80.75,74.5,84,75,NA,No FAC
1819,S14c96a31,81.5,74,74,67,75,FAC
1819,S506ab2f5,69.75,NA,75,76,NA,No FAC
1819,S1e398fc1,86.13,82,90,73,NA,No FAC
1819,S42f0affb,64.13,35.38,60,0,55,FAC
1819,S765128db,78.5,80.25,87,54,NA,No FAC
1819,Sf60da47f,90,84.38,89,83,NA,No FAC
1819,S3af3754e,89,100,94,85,NA,No FAC
1819,S80e66319,89,88.13,82,66,NA,No FAC
1819,Se219e392,99.38,76.5,92,81,NA,No FAC
1819,S416e5a50,74,NA,NA,72,NA,No FAC
1819,S8c680762,61.38,83.25,69,NA,NA,No FAC
1819,S2106ca6e,90,66.38,55,57,NA,No FAC
1819,S166584ac,100,84.5,89,83,NA,No FAC
1819,S247db160,80,51.25,70,68,NA,No FAC
1819,S6e93e327,90,NA,95,75,NA,No FAC
1819,Sb6547747,75.38,80.13,83,73,NA,No FAC
1819,S552a6929,77,52.5,86,85,71,FAC
1819,S99436108,74.63,56.88,72,63,NA,No FAC
1819,Sbb658e11,80.75,NA,82,77,NA,No FAC
1819,S2ee8e500,68.38,90,78,50,NA,No FAC
1819,Secf1e2bd,67.75,NA,NA,0,NA,No FAC
1819,Se89b67f0,63.13,NA,74,57,NA,No FAC
1819,S79fa656a,77.5,81.88,87,68,86,FAC
1819,S3ce0ac0a,82,90.88,87,81,NA,No FAC
1819,S9b104347,83.5,100,80,86,NA,No FAC
1819,S9649da72,81,67.75,83,68,NA,No FAC
1819,Sf0f3721c,80.5,51,74,64,NA,No FAC
1819,S63b2aa75,76.25,87.5,77,59,NA,No FAC
1819,S4473e4f2,72.5,90.75,87,57,NA,No FAC
1819,S94cbf7d7,50.5,51.63,70,56,NA,No FAC
1819,Sad881ef8,96.38,87.5,80,78,NA,No FAC
1819,S14cf785b,65.25,88,66,58,NA,No FAC
1819,Sb2ebde7d,56.13,69.38,5,20,NA,No FAC
1819,S75851dad,78.38,97,70,69,NA,No FAC
1819,Sfa0f1f28,78,77.5,88,73,NA,No FAC
1819,S97079bfa,62.5,68.88,NA,48,NA,No FAC
1819,Se2bb6165,58.75,50.75,79,65,NA,No FAC
1819,Scfbbae94,84.38,84.5,71,71,NA,No FAC
1819,S67a09602,74,72,72,70,NA,No FAC
1819,S007d4239,92,79.63,95,82,NA,No FAC
1819,Sc790497f,92,71,100,83,NA,No FAC
1819,S47894c46,72.25,68.5,NA,77,77,FAC
1819,Sf03aba4e,92.75,97,96,78,NA,No FAC
1819,Sb5d11ebd,75.75,NA,NA,70,NA,No FAC
1819,S1803312c,75,NA,NA,62,NA,No FAC
1819,Scfdef0c8,66.25,NA,NA,74,NA,No FAC
1819,S733c31a2,51.25,85.13,87,77,NA,No FAC
1819,Sbff18245,88.75,91.88,87,77,NA,No FAC
1819,S349b4ad4,95,88.25,91,77,NA,No FAC
1819,Sdfe714e1,100,NA,NA,72,NA,No FAC
1819,Sc46d6a8f,97,74.5,94,78,NA,No FAC
1819,S092b4695,85.88,59.5,74,64,NA,No FAC
1819,S902f062c,66.5,52.25,85,64,NA,No FAC
1819,S25cfa344,51.25,65.75,71,57,NA,No FAC
1819,S05ec7d4d,84.5,80.5,63,69,70,FAC
1819,S15f07287,64.5,NA,NA,44,NA,No FAC
1819,S03e611dd,95,83.25,89,77,NA,No FAC
1819,S104175fe,97,88.88,94,86,NA,No FAC
1819,Sa599c0ef,64,69.5,74,70,NA,No FAC
1819,S21452438,89.5,80.75,84,77,NA,No FAC
1819,Se90a671f,95,90,92,73,NA,No FAC
1819,Scee0b732,100,100,96,85,NA,No FAC
1819,Sa9371426,90,NA,NA,61,NA,No FAC
1819,Sdcda4ba5,28.25,NA,59,51,NA,No FAC
1819,Se689c6fb,95,97,93,90,NA,No FAC
1819,S8e8a2b44,81.5,74.5,63,59,70,FAC
1819,S92854bed,65.75,NA,NA,40,NA,No FAC
1819,S2a0928d9,48.38,86.5,79,48,NA,No FAC
1819,S0f380132,84.5,80,87,67,86,FAC
1819,S3bc2f106,79.5,37.5,85,71,NA,No FAC
1819,S0dbed3ef,100,97,97,88,NA,No FAC
1819,S52b5116c,60.5,66,54,50,NA,No FAC
1819,S672fa3f1,34,NA,NA,21,NA,No FAC
1819,Sec2a1ea4,97,97,92,87,NA,No FAC
1819,S41948575,48.38,43.5,57,38,NA,No FAC
1819,S07dceaa4,95.13,67,77,76,NA,No FAC
1819,Sda42c207,84.5,89,87,66,67,FAC
1819,S69768d4c,85.75,92.5,90,71,NA,No FAC
1819,Sd0f587ef,47.5,22,68,50,69,FAC
1819,S14bff4db,72.13,49.75,70,63,NA,No FAC
1819,Sbe1c180d,92.5,90.75,87,55,NA,No FAC
1819,Sd82d7ae8,92,85,94,87,NA,No FAC
1819,S8936cdfb,93.38,32.63,NA,75,NA,No FAC
1819,S8960f171,51.38,61.5,70,NA,NA,No FAC
1819,S539c84d9,87,78.88,93,83,NA,No FAC
1819,S0ad204fe,5,NA,21,21,54,FAC
1819,Sf37bce9b,95,63.25,95,65,70,FAC
1819,Sd49742b9,10,65.5,70,62,NA,No FAC
1819,S1cf5e860,92,88.13,94,84,NA,No FAC
1819,Sf2824555,77,82.75,85,75,NA,No FAC
1819,Saf991535,13.75,58,71,57,NA,No FAC
1819,Seea12a2d,71,NA,NA,51,69,FAC
1819,S6a84b906,68.5,70.5,82,62,NA,No FAC
1819,S8e361f9c,73.75,83.88,83,54,NA,No FAC
1819,Se0e88333,84.5,49.63,72,60,57,FAC
1819,Sc73ef6f4,54.75,48.5,70,64,74,FAC
1819,Sb4d2a59a,97,72.5,85,72,NA,No FAC
1819,S6fbb6703,92.63,85.13,87,80,NA,No FAC
1819,Sbf1765a0,87,51.25,83,82,NA,No FAC
1819,S66a1b118,73.75,67.88,85,78,NA,No FAC
1819,Sb691dc93,60.25,NA,73,67,85,FAC
1819,S412e5ed9,85,57.5,56,23,NA,No FAC
1819,S5ef1bcd8,97,80.13,85,69,NA,No FAC
1819,S9058b450,58,NA,NA,38,NA,No FAC
1819,S9ffe593d,85,80,95,81,NA,No FAC
1819,S458c08f7,88.5,81.25,85,65,NA,No FAC
1819,S5ab11da7,93.75,62.75,80,71,87,FAC
1819,S082098dc,78.25,78.88,69,55,NA,No FAC
1819,S0da101f0,56.38,58.88,82,64,NA,No FAC
1819,Sc9b12946,80.75,83.25,80,74,NA,No FAC
1819,S7333e601,83.25,59.5,92,72,NA,No FAC
1819,Sc6754fc9,92,89.5,92,89,NA,No FAC
1819,S41e75692,82.75,78.38,80,73,NA,No FAC
1819,Scdfd71d2,95,90,80,71,NA,No FAC
1819,S791c69cd,79,63.75,96,80,NA,No FAC
1819,Saac2e38e,68.75,65.25,71,63,NA,No FAC
1819,S1a57b7f2,100,97,99,97,NA,No FAC
1819,S8345bae9,92.5,94,96,85,NA,No FAC
1819,S8db359b3,68.13,41.25,73,57,57,FAC
1819,Sbfc85166,88.25,62.75,81,83,87,FAC
1819,Sd21184a4,68.75,71.75,66,60,67,FAC
1819,S12a7b472,90,78.5,89,60,NA,No FAC
1819,S52fe3d3e,71.5,81,95,74,NA,No FAC
1819,S96f41479,75.75,67,84,65,NA,No FAC
1819,S34ec13ea,84,94,85,69,NA,No FAC
1819,S5b213550,72,NA,NA,65,NA,No FAC
1819,Sd7798e2a,100,100,90,66,NA,No FAC
1819,S4cff27a1,97,75.38,93,78,NA,No FAC
1819,S1ec0e04f,84.38,54.25,85,75,NA,No FAC
1819,S6e5f8d3a,79.25,58.63,91,80,87,FAC
1819,S1424fbf5,68.75,NA,75,60,NA,No FAC
1819,Sb66905e6,48.5,36.5,56,51,NA,No FAC
1819,S04ef5c07,73,80.13,89,65,NA,No FAC
1819,Sea03d547,63.38,63.5,60,0,NA,No FAC
1819,Sff57e80e,88.13,59.5,68,70,NA,No FAC
1819,Sabc8070d,97,NA,76,73,NA,No FAC
1819,Sb1e190a6,77.5,89.5,65,66,NA,No FAC
1819,S2120bef3,78.75,70.25,65,62,NA,No FAC
1819,S43e7b0e2,79.5,NA,NA,94,NA,No FAC
1819,Sbdf7b2c8,88.25,73.25,87,50,NA,No FAC
1819,Se2d159ac,67.5,20.25,63,53,81,FAC
1819,S89bc2f68,96.38,89.5,95,78,NA,No FAC
1819,S4b885568,100,NA,NA,90,NA,No FAC
1819,S26bda31b,85.75,NA,NA,89,NA,No FAC
1819,Sf761cdf6,90,NA,NA,88,NA,No FAC
1819,Sc8fd45c5,62.75,66.5,77,0,NA,No FAC
1819,S5f690c5f,87.5,66,81,56,NA,No FAC
1819,S5ea68311,94.38,82.5,88,80,NA,No FAC
1819,Sdc626b47,71.5,85.25,82,73,NA,No FAC
1819,S43f5c221,88.13,88.88,78,57,NA,No FAC
1819,S26201dbb,80.13,74.75,85,76,NA,No FAC
1819,Sa144e6b9,87.5,66.5,71,64,NA,No FAC
1819,Sfb5cff4e,100,83,98,91,NA,No FAC
1819,S65e93d03,76.38,83.25,80,83,NA,No FAC
1819,Sd0fe278b,79,81.38,88,76,NA,No FAC
1819,Scdef997c,76.25,30,81,57,86,FAC
1819,S340e558d,80.63,47.75,76,73,NA,No FAC
1819,S836209a0,95,75.88,96,81,100,FAC
1819,Sc98d02d0,57.25,NA,72,58,NA,No FAC
1819,S152ef434,81.13,60.38,64,40,NA,No FAC
1819,S787aceb0,100,97,94,60,100,FAC
1819,S0a23f78e,40.75,25,71,39,NA,No FAC
1819,S72e9cabc,78.5,75.75,78,76,NA,No FAC
1819,S19de1ae4,72.38,NA,73,64,NA,No FAC
1819,S1d738d35,50.75,55.25,77,49,74,FAC
1819,Sd4623f9e,90.75,85.25,86,67,NA,No FAC
1819,Sd2fc60c1,100,97,94,82,NA,No FAC
1819,S0869a482,95,75.75,100,95,NA,No FAC
1819,S1c90ec48,90,89.38,97,84,NA,No FAC
1819,S72344d92,80.75,76.25,72,54,NA,No FAC
1819,Sffe64583,79.63,80.38,88,69,NA,No FAC
1819,S6fd65c31,81.38,NA,66,69,55,FAC
1819,Sa5e4e83d,88.25,72.75,80,57,NA,No FAC
1819,S2d06b3fe,95,83.75,93,86,NA,No FAC
1819,S5d9c78c4,94.38,58,75,72,NA,No FAC
1819,S5999e110,92,85.63,98,97,NA,No FAC
1819,S2ad80c68,72.5,48.38,65,47,66,FAC
1819,S49bf49c5,65,NA,NA,69,NA,No FAC
1819,S58e9661c,73,NA,46,31,NA,No FAC
1819,S6225e60a,97,87.5,100,97,NA,No FAC
1819,Sc8be80c8,60.38,35,70,0,NA,No FAC
1819,S9bafe8e1,49.63,NA,NA,0,NA,No FAC
1819,Sc8f27924,89.38,81.5,73,56,NA,No FAC
1819,Sd9a10dac,80,43.5,75,71,62,FAC
1819,S43c37319,70.75,57.75,74,0,NA,No FAC
1819,Scd69d870,19.5,NA,NA,53,NA,No FAC
1819,Sd31a3910,73.38,44.5,74,52,75,FAC
1819,Se673ba3a,83.25,69.63,89,75,79,FAC
1819,S378b4d58,84,60.25,55,51,61,FAC
1819,S2f67db7f,92,93.13,98,94,NA,No FAC
1819,S31013e86,81.25,88.88,83,66,NA,No FAC
1819,S3f87f2b8,50.25,NA,NA,34,NA,No FAC
1819,S954d08ef,94.5,NA,94,72,NA,No FAC
1819,S9dcd87ef,88.13,82.75,81,46,NA,No FAC
1819,S8e3f3117,85,72.5,64,69,NA,No FAC
1819,S30841666,18.75,NA,NA,54,NA,No FAC
1819,S31848787,95,NA,NA,60,NA,No FAC
1819,Sec6b1de0,68.13,59.5,90,61,NA,No FAC
1819,Sdd3aeb5c,65,NA,NA,60,NA,No FAC
1819,Sf459538e,73.25,42.5,89,67,75,FAC
1819,Se0d70adc,87,90.75,76,67,NA,No FAC
1819,Sa4fbf1b7,70.75,59,65,55,NA,No FAC
1819,Sdfa1068c,84,70.25,74,62,NA,No FAC
1819,Sfb04d73d,71.38,NA,NA,76,NA,No FAC
1819,S9111ba0b,76.38,69.75,91,79,NA,No FAC
1819,Sef57df04,100,90,89,77,100,FAC
1819,S82803564,15,NA,NA,70,NA,No FAC
1819,S0134d60f,80.13,90.75,68,53,NA,No FAC
1819,S5d4cee00,75.25,54,61,36,62,FAC
1819,S1711a222,92,95,97,85,NA,No FAC
1819,S74eafd06,76,49.75,73,50,NA,No FAC
1819,Sa0747360,71.25,NA,60,0,NA,No FAC
1819,S59e34286,80,NA,65,46,NA,No FAC
1819,S30f28c02,57.25,82.5,82,67,NA,No FAC
1819,Sb2aad9b7,94,94,86,92,NA,No FAC
1819,S321fd463,65.25,71,57,23,NA,No FAC
1819,S8c7f8177,25,NA,NA,0,NA,No FAC
1819,S5d3e3a2a,66.63,72.75,70,43,NA,No FAC
1819,S6bacd660,62.75,45.25,74,63,NA,No FAC
1819,S55e474c5,70.75,62.75,73,70,NA,No FAC
1819,Sc715263b,87,90.75,71,51,NA,No FAC
1819,Sbc1175fa,70.75,72.75,71,54,NA,No FAC
1819,S557e7c26,92,92,80,75,NA,No FAC
1819,S84fa8f00,59.5,54.25,20,17,NA,No FAC
1819,S203e76f1,65,87.75,83,49,NA,No FAC
1819,S65ea7438,77,77,96,74,NA,No FAC
1819,S15dec41e,59.13,55.25,76,75,NA,No FAC
1819,S374f25d6,100,88.13,90,76,80,FAC
1819,S8eb63dd5,87,49.38,77,63,NA,No FAC
1819,S686f86ac,87,100,96,93,NA,No FAC
1819,S86c3203e,65.5,70.25,60,63,NA,No FAC
1819,S655934a7,64.25,NA,NA,8,NA,No FAC
1819,Sbec39973,75,90,82,65,NA,No FAC
1819,S85b36e97,76,49.25,63,NA,NA,No FAC
1819,S69f768d1,82,58.5,76,73,77,FAC
1819,Sc0d5fd49,95.75,85.13,65,60,NA,No FAC
1819,S424ac1ef,72,60.5,70,70,NA,No FAC
1819,Sc06ccc3a,92,92,94,89,NA,No FAC
1819,S37001930,95,88.25,98,85,NA,No FAC
1819,S81ab96b4,33.88,NA,NA,53,NA,No FAC
1819,Se76d3a9e,85.75,72,70,72,NA,No FAC
1819,S91fd99ba,74,58.38,65,62,NA,No FAC
1819,Sfcab0c2a,89.5,87.88,68,58,NA,No FAC
1819,S9aa07c68,80.25,85.75,61,56,NA,No FAC
1819,S02167481,91.25,57.5,70,58,77,FAC
1819,S0a8ef8ae,44,75.13,47,53,NA,No FAC
1819,Sab3ba859,83.25,81.5,76,62,NA,No FAC
1819,Saf47263e,91.38,87.13,89,68,NA,No FAC
1819,S45b0e378,51.25,NA,73,65,NA,No FAC
1819,Sa787dc98,48.25,45.75,19,35,56,FAC
1819,Se05d8f3c,85.75,66.38,77,61,67,FAC
1819,S87224713,73.25,62.25,71,51,NA,No FAC
1819,Sb9f3078a,90,89,93,85,NA,No FAC
1819,Sfe55bb28,73.5,37.5,66,51,65,FAC
1819,Sfef7f9c6,70.25,50,64,49,NA,No FAC
1819,S0a64c975,85.13,71.25,85,60,67,FAC
1819,Sbca7cdd0,85,90,96,81,NA,No FAC
1819,Sf513b384,90,55.75,90,60,NA,No FAC
1819,S32e60adb,63.5,87.5,95,78,NA,No FAC
1819,S9394694b,75,61.5,77,48,NA,No FAC
1819,S4149e919,93.75,69.63,83,70,NA,No FAC
1819,S4fe231c7,55.38,NA,81,52,NA,No FAC
1819,Sc4607b65,74.5,NA,79,58,NA,No FAC
1819,Sdc424516,63.75,NA,75,47,NA,No FAC
1819,S2067faab,88.25,85.13,92,41,NA,No FAC
1819,Sda97872d,29.5,NA,0,0,NA,No FAC
1819,Sba5d7a28,77,61,88,75,NA,No FAC
1819,S0371562e,87,NA,88,71,NA,No FAC
1819,S2035d695,32.5,NA,0,6,45,FAC
1819,Sca598690,51.25,NA,NA,0,NA,No FAC
1819,Sc777caaa,90.75,86.25,65,61,NA,No FAC
1819,S392df1cd,79.75,83.75,99,81,NA,No FAC
1819,S3993a0b8,60.25,NA,NA,48,NA,No FAC
1819,S029945fc,81.5,80,94,78,NA,No FAC
1819,S3b928d7f,100,84.5,89,60,NA,No FAC
1819,Sfbb5baa9,97,89.38,86,77,99,FAC
1819,S049c59a5,65.63,71.25,67,56,NA,No FAC
1819,S3c854360,83.75,87.13,80,76,87,FAC
1819,S197fc774,60.75,94.75,76,69,NA,No FAC
1819,S926f2042,61.88,NA,NA,57,NA,No FAC
1819,S7f4c2b7e,70.75,NA,44,0,NA,No FAC
1819,Seb83493a,81.25,NA,51,57,70,FAC
1819,S49940367,95,95.75,99,87,NA,No FAC
1819,S8452bc02,70,83.25,82,62,NA,No FAC
1819,S484aff77,55.63,50.75,62,50,NA,No FAC
1819,Sf234c078,60,NA,NA,56,NA,No FAC
1819,Sea2ed7fb,78.75,NA,NA,57,NA,No FAC
1819,S5a604839,84,80,72,67,67,FAC
1819,S75505887,87.75,79,78,61,NA,No FAC
1819,S52136ce3,83.13,79.5,72,69,NA,No FAC
1819,S0587f7f1,93.38,90,87,81,NA,No FAC
1819,Sbc917ce8,90.75,90.63,88,74,NA,No FAC
1819,S2333ed94,76.75,NA,60,65,NA,No FAC
1819,Sa3136574,73,82,61,53,NA,No FAC
1819,Sd53a69c0,95.75,90.13,90,62,79,FAC
1819,S9750a433,74.75,76.63,NA,56,NA,No FAC
1819,Sc6fc197f,69.25,NA,NA,58,NA,No FAC
1819,S8ff90e31,90,80.75,67,63,NA,No FAC
1819,S02013a60,71.25,77.63,77,50,70,FAC
1819,Sf77a682e,67.13,62.38,74,53,NA,No FAC
1819,S4ce49425,82.5,61.75,84,74,NA,No FAC
1819,Sd0225a76,71.5,58.5,69,45,65,FAC
1819,S48f71a27,72.5,71.5,91,50,NA,No FAC
1819,S9c965893,73.75,NA,72,49,NA,No FAC
1819,S45c3ae7c,83,92.5,74,63,NA,No FAC
1819,S1bf0ed67,15,90,68,65,NA,No FAC
1819,S8a7c7e39,80.25,90.13,74,49,60,FAC
1819,S1e350705,39.5,NA,NA,0,NA,No FAC
1819,Sb1b0848c,92.88,69,86,65,NA,No FAC
1819,Sa453770d,87.5,79.88,71,50,NA,No FAC
1819,Sf6aa6f0b,79.38,NA,NA,53,NA,No FAC
1819,S5e154fbf,60.25,47,57,57,NA,No FAC
1819,S5008a37a,60.88,74.5,64,55,NA,No FAC
1819,Se4545e35,0,NA,19,51,NA,No FAC
1819,S9340ebb5,81.25,79.25,85,74,NA,No FAC
1819,S82e17f02,47.5,NA,0,0,NA,No FAC
1819,Sd1006b29,59.5,NA,NA,41,NA,No FAC
1819,S0fb126ab,77.75,62.63,65,58,NA,No FAC
1819,Sa0b54431,92,80.13,89,75,NA,No FAC
1819,S0b77653c,88.13,72.63,68,67,62,FAC
1819,S5542094a,87.88,78.75,89,90,NA,No FAC
1819,Sf66c9f36,67.88,59.25,73,63,NA,No FAC
1819,S2896a492,65.75,34.5,89,73,NA,No FAC
1819,Sa1c79b97,61.25,52.75,66,0,NA,No FAC
1819,Sc4465102,33.5,69,50,52,NA,No FAC
1819,Sd3e7d8c9,85.13,91.25,83,0,NA,No FAC
1819,Sc7f461c1,81.25,81,71,47,NA,No FAC
1819,S24d257dc,78,80,91,70,NA,No FAC
1819,S0b370248,86.5,77.5,83,71,NA,No FAC
1819,S41f5cb9d,65.63,73.75,94,70,NA,No FAC
1819,S43ab8d99,72,47.13,73,67,NA,No FAC
1819,Sb41e0b9e,72,75,71,25,NA,No FAC
1819,Sd34074ce,67,48.75,83,76,NA,No FAC
1819,S319593aa,86.38,78.75,62,53,NA,No FAC
1819,Se8ff3aef,25,80.75,47,57,NA,No FAC
1819,S113fe285,69.75,78.88,62,48,NA,No FAC
1819,S7f9b36fe,52.75,NA,NA,59,NA,No FAC
1819,Sc57d6031,8.75,NA,53,0,45,FAC
1819,Sba05082f,55,NA,NA,65,NA,No FAC
1819,S36870e09,58.5,59,63,46,NA,No FAC
1819,Sbb89ce5d,89.5,95,91,64,NA,No FAC
1819,S5f20265d,84.5,92,79,50,NA,No FAC
1819,S04c58f8b,57.75,NA,49,33,NA,No FAC
1819,S0825b62c,75,NA,85,51,NA,No FAC
1819,Sce786907,66.88,NA,62,40,NA,No FAC
1819,S586af070,37.5,NA,NA,45,NA,No FAC
1819,S23e878d0,52.5,67.75,63,57,NA,No FAC
1819,S8c3f4d0a,67.5,NA,79,67,NA,No FAC
1819,S676bedb8,27.5,70.75,39,25,NA,No FAC
1819,S26a816b4,31.75,NA,73,24,NA,No FAC
1819,Sbf75b0b8,28.25,NA,NA,38,NA,No FAC
1819,Sf84b7386,32.75,69,62,36,51,FAC
1819,Sc472b890,61,65,75,57,71,FAC
1819,S7add61ab,80.63,84.5,74,47,NA,No FAC
1819,Sba983abe,86.5,89.5,88,74,NA,No FAC
1819,S2ea7438b,72.63,83.13,93,80,NA,No FAC
1819,S45799e92,77,95.13,93,77,NA,No FAC
1819,Sf5b144d2,66.25,92,77,72,NA,No FAC
1819,Sbdb60434,56,81.25,81,53,NA,No FAC
1819,Sad2c4e7c,75,69,75,79,NA,No FAC
1819,Sd2277d3a,52,NA,93,70,NA,No FAC
1819,Sb4bc4970,35,59.5,58,1,NA,No FAC
1819,S11e4143c,35.5,NA,51,49,NA,No FAC
1819,S65c70325,5,78.25,79,76,NA,No FAC
1819,S67e51f9f,38.75,91.88,93,50,NA,No FAC
1819,S509c3351,6.25,68.25,74,77,NA,No FAC
1819,Sca78233d,90,90.75,68,61,NA,No FAC
1819,Sdd70757b,95,63.5,97,83,NA,No FAC
1819,Sa1a660c7,42.75,NA,NA,0,NA,No FAC
1819,S06da50a6,NA,90.75,86,58,NA,No FAC
1819,S27ad7b6e,NA,66,85,NA,NA,No FAC
1819,S9f823e84,NA,87.75,83,NA,NA,No FAC
1819,S17244c7d,NA,34.5,NA,NA,NA,No FAC
1819,S266108a3,NA,88.75,90,67,NA,No FAC
1819,Sc66f4e38,NA,63,NA,NA,NA,No FAC
1819,Sdeed34f5,NA,95,88,79,NA,No FAC
1819,Sfdc1d42d,NA,97,65,0,NA,No FAC
1819,S60765aa6,NA,81.5,86,NA,NA,No FAC
1819,Sbd46df5c,NA,64,63,NA,NA,No FAC
1819,S43760ab7,NA,79.38,71,NA,NA,No FAC
1819,Se070f821,NA,61.5,64,56,NA,No FAC
1819,S838afe32,NA,77.75,70,64,NA,No FAC
1819,S5b1f466c,NA,49.25,NA,NA,NA,No FAC
1819,S88214c01,NA,39.5,57,0,NA,No FAC
1819,S9ccbd6af,NA,71.88,NA,NA,79,FAC
1819,Sd0de09da,NA,92.25,76,NA,NA,No FAC
1819,S84c00344,NA,81.5,66,42,NA,No FAC
1819,Sf95632a6,NA,46,0,NA,NA,No FAC
1819,S7fbc45ae,NA,44.75,81,0,64,FAC
1819,S836533d2,NA,82.5,63,NA,NA,No FAC
1819,S6323b74a,NA,70.25,NA,NA,77,FAC
1819,Scb155b25,NA,82.25,87,48,NA,No FAC
1819,S9397871a,NA,82,52,40,NA,No FAC
1819,S64ef19e2,NA,65,68,6,NA,No FAC
1819,Sa308d6f0,NA,80,0,0,60,FAC
1819,S01c2220a,NA,62,NA,NA,63,FAC
1819,S0b748fe3,NA,82.63,NA,NA,77,FAC
1819,Sbd617a49,NA,59.13,NA,NA,69,FAC
1819,S1ad783e7,NA,62.75,NA,NA,70,FAC
1819,S4e6bbe36,NA,55.75,NA,NA,88,FAC
1819,Se1858e8a,NA,87.5,NA,74,NA,No FAC
1819,Sdfee15bf,NA,71.75,55,43,NA,No FAC
1819,S2343659a,NA,63.25,78,NA,NA,No FAC
1819,S2ed237be,NA,81.38,82,46,NA,No FAC
1819,Safe35de1,NA,77,72,NA,NA,No FAC
1819,S152d313e,NA,39.5,72,51,NA,No FAC
1819,Se7728b7c,NA,62.25,NA,NA,87,FAC
1819,S41dd7932,NA,69,NA,NA,79,FAC
1819,S956af78e,NA,74.88,64,NA,NA,No FAC
1819,S88e1aad8,NA,33.25,71,0,66,FAC
1819,S6c7fbc8b,NA,76.75,69,50,NA,No FAC
1819,S810cb20c,NA,32,59,46,NA,No FAC
1819,S6dd5d821,NA,75.63,86,NA,NA,No FAC
1819,Se5710be2,NA,71.5,19,NA,NA,No FAC
1819,Saff58a2e,NA,77,78,61,NA,No FAC
1819,Sd5e2a76d,NA,82.5,94,NA,NA,No FAC
1819,S24318c1b,NA,68.75,78,44,NA,No FAC
1819,S95bd5fb6,NA,73.25,NA,NA,87,FAC
1819,S1693380f,NA,57.5,52,NA,NA,No FAC
1819,S43a4a724,NA,100,NA,NA,86,FAC
1819,Sfdd6d26a,NA,55.38,NA,NA,69,FAC
1819,S0e34e187,NA,59,NA,NA,82,FAC
1819,Sbeb6b3bc,NA,66,63,NA,NA,No FAC
1819,S70c306d0,NA,63,87,NA,NA,No FAC
1819,S1271db9e,NA,67,87,NA,NA,No FAC
1819,S0b402a59,NA,83.38,84,NA,NA,No FAC
1819,S02d60835,NA,95,89,60,NA,No FAC
1819,S2173cf74,NA,83.75,43,40,NA,No FAC
1819,S22bbed17,NA,80.63,66,45,NA,No FAC
1819,Sba0c26a4,NA,94,87,NA,NA,No FAC
1819,S0262c3ee,NA,30,82,68,87,FAC
1819,S192ed7d0,NA,76.38,0,NA,0,FAC
1819,S7b171650,NA,84.38,0,NA,NA,No FAC
1819,S7d4a1bf3,NA,52.75,77,55,NA,No FAC
1819,S94e732bf,NA,75.38,87,NA,NA,No FAC
1819,S4721f7fb,NA,75.13,81,NA,NA,No FAC
1819,S1c13517f,NA,46,0,0,NA,No FAC
1819,Sa8d376a0,NA,51.5,0,NA,66,FAC
1819,S8e617eaf,NA,60,0,0,0,FAC
1819,S040b56f0,NA,63.5,65,40,NA,No FAC
1819,S327e396f,NA,66,58,NA,NA,No FAC
1819,S6b74dc5a,NA,79,81,NA,NA,No FAC
1819,Sa9257437,NA,65.5,0,NA,NA,No FAC
1819,S0d6ff75e,NA,77.5,69,40,NA,No FAC
1819,Se6cc5db4,NA,66.5,71,NA,NA,No FAC
1819,S388ebbec,NA,60,48,NA,NA,No FAC
1819,S9409d3c9,NA,51.5,82,64,NA,No FAC
1819,S235b8df7,NA,34.5,43,6,2,FAC
1819,Sff5c5e36,NA,41.88,76,56,76,FAC
1819,S68875a65,NA,2.25,NA,NA,NA,No FAC
1819,S67d91f52,NA,34.5,73,52,NA,No FAC
1819,Sfaf6b0bf,NA,58,35,40,NA,No FAC
1819,S57e7bcfd,NA,62,52,NA,NA,No FAC
1819,S41b625cb,NA,62,47,14,NA,No FAC
1819,Sd458ce96,NA,0,77,NA,NA,No FAC
1819,Sd1d814b2,NA,82,84,NA,NA,No FAC
1819,Sbf8c7cd2,NA,85,94,NA,NA,No FAC
1819,S47a8ed65,NA,76.5,60,NA,NA,No FAC
1819,Sebd85dd3,NA,86.38,84,NA,NA,No FAC
1819,S3c344987,NA,93.75,96,NA,NA,No FAC
1819,S1feb8a3a,NA,90.75,85,NA,NA,No FAC
1819,S8a249653,NA,95,83,74,NA,No FAC
1819,Sc17e3944,NA,13.75,83,NA,NA,No FAC
1819,S1211c8cf,NA,75.75,71,NA,NA,No FAC
1819,S3b8e7d4b,NA,82,63,62,NA,No FAC
1819,S1c90b2b2,NA,58.38,87,NA,NA,No FAC
1819,S3c29fabb,NA,75.13,81,67,NA,No FAC
1920,Se858f976,85,90,81,90,NA,No FAC
1920,Sb2f315a6,87.75,81.38,86,100,NA,No FAC
1920,S4a2e4cf5,39,NA,54,82,NA,No FAC
1920,Sa5c7a86f,95,85,100,100,NA,No FAC
1920,S5b8c8725,91.5,90.25,93,100,NA,No FAC
1920,Sfb15326d,97.5,97,93,100,NA,No FAC
1920,S8c916001,78.75,NA,NA,100,NA,No FAC
1920,S7bf91489,63.25,73,70,98,70,FAC
1920,Se57c8888,92.5,95,98,100,NA,No FAC
1920,Sd84aea10,73.88,52,77,91,NA,No FAC
1920,Sbf13e31a,78.38,69.5,96,99,NA,No FAC
1920,Sbf9b0f34,62.75,43.88,67,88,NA,No FAC
1920,S24dd12ff,95,89,94,97,NA,No FAC
1920,Sf7961906,46.63,NA,NA,82,NA,No FAC
1920,Saba9aec4,100,89,98,100,NA,No FAC
1920,S2c4f2f25,41.25,55.5,42,91,NA,No FAC
1920,Sbbb6fe69,95,100,100,100,NA,No FAC
1920,S785b736f,65,NA,NA,73,50,FAC
1920,S4e91906e,95,100,100,100,NA,No FAC
1920,S298666d8,63,61,56,82,NA,No FAC
1920,Se1ff94c7,100,97,99,100,NA,No FAC
1920,Sb500d14e,85,86.5,NA,100,NA,No FAC
1920,Sca157791,90,87.5,95,98,NA,No FAC
1920,S47ae46d4,81.5,56.75,91,100,NA,No FAC
1920,Sc6daa516,68.5,83.25,86,97,NA,No FAC
1920,S95aff3dd,55.38,NA,50,76,NA,No FAC
1920,S6a99612a,74,82,48,56,NA,No FAC
1920,S77226230,86.88,83.75,64,93,NA,No FAC
1920,S47bcdbdb,85,80.13,96,100,NA,No FAC
1920,Se7707c51,0,90,60,87,NA,No FAC
1920,S6cfbf33a,73.25,68.25,56,90,66,FAC
1920,Sa8020088,89,70,97,91,NA,No FAC
1920,S5d501aba,85.75,81,76,93,NA,No FAC
1920,S621a2b20,92,84.5,97,90,NA,No FAC
1920,S3e603e24,83.75,72.5,54,100,NA,No FAC
1920,S68eaced0,100,94,98,97,NA,No FAC
1920,S8a362c64,61.25,55.25,44,NA,59,FAC
1920,S0d31749c,95,95,92,95,80,FAC
1920,S75e65976,80.25,89,77,93,NA,No FAC
1920,S36a05a61,87,100,83,98,NA,No FAC
1920,Sb3090116,82.13,73,75,99,77,FAC
1920,Scbd2d199,68.38,87,95,100,NA,No FAC
1920,S2a0f4371,88.25,81.5,68,99,NA,No FAC
1920,S51c08048,90,82.5,68,100,NA,No FAC
1920,S48ed8956,69.5,74.5,58,94,NA,No FAC
1920,S11a13226,100,95,98,100,NA,No FAC
1920,S2472df18,89.5,85.13,72,100,NA,No FAC
1920,S13b3132d,87,91.5,98,100,NA,No FAC
1920,Sc460e586,70.75,20,93,91,NA,No FAC
1920,Sbb1d27b4,97.5,100,100,100,NA,No FAC
1920,Sfe7b01d2,81.38,76.63,93,92,NA,No FAC
1920,Sd3ad8a94,77,82.5,95,100,NA,No FAC
1920,Se42d45e5,71.5,94.38,94,93,NA,No FAC
1920,S835fc2da,77,86.13,94,96,NA,No FAC
1920,S9a31902a,68.75,77,89,89,NA,No FAC
1920,S01ec4eb5,32.63,NA,59,77,NA,No FAC
1920,S7d59d3a8,78.88,NA,NA,81,NA,No FAC
1920,Se47a0f8d,95,69.5,79,99,NA,No FAC
1920,Sc3bd0d9a,95,90,78,98,NA,No FAC
1920,S1e613532,89,NA,NA,99,68,FAC
1920,S4e7a4d3a,70.25,68.63,81,72,NA,No FAC
1920,Sf1fbc256,61.38,56.25,72,98,NA,No FAC
1920,S991520ce,97,87.5,93,97,NA,No FAC
1920,Sbb7618b0,70.63,NA,51,66,67,FAC
1920,S70a642b3,80.25,83.25,81,97,NA,No FAC
1920,S6756b821,75.13,54,68,74,NA,No FAC
1920,S8943c482,85.13,78.75,96,100,NA,No FAC
1920,S364b472c,30,87,96,100,NA,No FAC
1920,Sb633e7bf,97,NA,90,58,NA,No FAC
1920,Sc337eb87,68.25,68.13,19,93,NA,No FAC
1920,Sa2088fe5,81.38,95.75,79,99,NA,No FAC
1920,Scf1cad14,88.38,90,96,100,NA,No FAC
1920,S71b00013,88.25,92.5,59,92,NA,No FAC
1920,S37d39456,78.88,64.25,57,92,72,FAC
1920,S9ffb6df2,36.88,44.25,42,97,NA,No FAC
1920,S265a7257,52.5,43,76,94,NA,No FAC
1920,Sbf14a847,65.13,82.5,75,79,NA,No FAC
1920,Sc66f4e38,64,NA,NA,93,NA,No FAC
1920,S5e879be9,84,90.75,84,97,88,FAC
1920,S56acbc1b,59,87.13,85,72,NA,No FAC
1920,S7d3c3cc2,85,92,99,80,NA,No FAC
1920,S36f71009,15,67,56,87,NA,No FAC
1920,S1c13517f,3.75,NA,0,0,65,FAC
1920,Se1d543c5,93.25,88.25,90,96,NA,No FAC
1920,Sf2daffa6,75.13,71.5,61,83,NA,No FAC
1920,S0f16252b,49.25,NA,NA,72,NA,No FAC
1920,S836b75b2,100,100,99,100,NA,No FAC
1920,S37ce7d1e,97,90,98,100,NA,No FAC
1920,Sebeef6d4,77.25,76.38,90,93,NA,No FAC
1920,S1221125f,95,94.5,93,100,NA,No FAC
1920,S9ccb5273,50.75,66.75,43,0,NA,No FAC
1920,Se040e2a8,61.75,NA,NA,97,NA,No FAC
1920,S8f22e2b7,81.25,77,86,100,NA,No FAC
1920,Sd3d4289f,57,35.25,44,93,57,FAC
1920,S77e069fb,77.5,100,83,95,NA,No FAC
1920,Sdade107a,38.75,56.75,49,94,NA,No FAC
1920,Sf8f2106c,88.25,88.13,96,100,NA,No FAC
1920,S420f8408,68.5,74.88,65,98,NA,No FAC
1920,S0fe05991,86,99.38,99,100,NA,No FAC
1920,Sb0c90ebd,72.75,89.5,65,95,NA,No FAC
1920,Sdea9b6c6,70.75,60.5,57,0,NA,No FAC
1920,Sc2dc48fe,60.63,61.5,63,96,NA,No FAC
1920,S2d4f5108,75,63.5,50,84,NA,No FAC
1920,S2b30a2ef,47.75,97,75,92,NA,No FAC
1920,S37cec8a6,6.25,NA,NA,92,NA,No FAC
1920,S5753cefd,73.5,73.38,64,93,NA,No FAC
1920,S8b8ea4ee,94,83.75,95,98,NA,No FAC
1920,S09e38569,100,100,100,100,NA,No FAC
1920,Sd1949012,87.75,85,78,97,NA,No FAC
1920,S3ec485e2,51.63,17,40,96,74,FAC
1920,Sd3f92a23,80.25,NA,69,68,NA,No FAC
1920,Sc1471b1a,62.63,68,74,89,NA,No FAC
1920,Sba0c9bf1,87.13,93.25,NA,100,99,FAC
1920,S7f6bbf0f,87.5,87,83,96,NA,No FAC
1920,Scd976e23,90,100,96,100,NA,No FAC
1920,S552a3bb0,77.5,95,94,100,NA,No FAC
1920,S0b902a93,93.75,87.75,84,97,84,FAC
1920,S34300189,90,69,71,89,79,FAC
1920,Se721cf11,58.5,68.88,87,92,NA,No FAC
1920,Sb823c85b,85.75,92,97,100,NA,No FAC
1920,S5aea4905,48.75,52.5,64,92,NA,No FAC
1920,Sdbff5197,90,80.75,85,100,70,FAC
1920,Sed3ce5df,92,92,90,95,NA,No FAC
1920,S535af4b6,60.25,77.63,29,0,NA,No FAC
1920,S933837b1,91,NA,96,90,NA,No FAC
1920,Sb683ee1b,79.38,67.75,49,98,66,FAC
1920,S693a9381,75.25,NA,73,92,NA,No FAC
1920,Sef3866ba,79.25,67,57,90,NA,No FAC
1920,S21b822c0,67.38,67.38,69,98,NA,No FAC
1920,Sf0ff1df9,80,85,66,94,NA,No FAC
1920,Sb6b663b9,87,54.5,92,100,NA,No FAC
1920,Sad3edf10,95,77.75,82,93,NA,No FAC
1920,S7d57c3df,81,60,59,96,76,FAC
1920,S5a84fb15,95.75,90.88,68,93,NA,No FAC
1920,S3ebecd36,80.25,57.25,68,88,65,FAC
1920,Scccda0ce,95,99.38,91,99,NA,No FAC
1920,Se80502eb,79.5,82.25,96,99,NA,No FAC
1920,S558157d5,95,90.75,82,89,NA,No FAC
1920,Sa96d203a,67.63,63.25,50,87,NA,No FAC
1920,Se6b09104,66,71.75,NA,79,NA,No FAC
1920,S0efb2180,88.75,74.75,96,97,79,FAC
1920,S0001d4fd,6.25,NA,39,53,NA,No FAC
1920,Sbab9057e,91.38,88.38,92,93,NA,No FAC
1920,Saf66fedf,58.5,54.75,45,0,NA,No FAC
1920,S8de2b86a,100,95,99,100,NA,No FAC
1920,S3a98ad6b,56.5,85,48,58,NA,No FAC
1920,Se76890b2,94,82.25,92,100,NA,No FAC
1920,S150f5974,74,70.5,83,99,NA,No FAC
1920,S44d726f6,61.63,63.5,67,96,76,FAC
1920,S3fa84f8f,83.25,84,51,0,NA,No FAC
1920,S5a71ad69,97.5,90.75,95,92,NA,No FAC
1920,S882de3fd,93.25,87,77,88,NA,No FAC
1920,Se1d17ca4,77,80.75,78,95,NA,No FAC
1920,S3c53e0f6,46.5,98.75,80,84,NA,No FAC
1920,S3b934e25,72.75,61.88,53,98,NA,No FAC
1920,S0d7d4d69,0,37.5,0,0,NA,No FAC
1920,S2d93fab0,74.5,71.5,69,93,NA,No FAC
1920,S1a9b3ece,95,77,86,87,NA,No FAC
1920,Sbc5b795d,92,91,94,100,99,FAC
1920,S57853ff2,58.75,41.88,52,83,NA,No FAC
1920,S121e4df5,97,87.75,95,100,NA,No FAC
1920,Sf3715856,34.5,NA,34,90,NA,No FAC
1920,Sc5637d17,78.38,71.75,78,95,NA,No FAC
1920,Sbacbf66c,90.13,91.88,72,88,NA,No FAC
1920,Sf9c41f60,80.5,83.25,78,99,NA,No FAC
1920,S526ffa27,84.5,NA,94,100,NA,No FAC
1920,S12eee33c,92.75,90,91,100,NA,No FAC
1920,S5ce9999e,95.38,90,87,86,NA,No FAC
1920,S039af2b8,95,79.75,77,98,NA,No FAC
1920,S31eeedd7,92,88.25,88,100,NA,No FAC
1920,S6dd0c33b,89.5,96.88,97,99,NA,No FAC
1920,Sc797bbf9,85.75,95,68,70,NA,No FAC
1920,S4b9f9f55,78.88,92.75,62,91,NA,No FAC
1920,Se7bd6020,95,92,82,99,NA,No FAC
1920,Sc5a974c1,51.88,51.25,50,NA,NA,No FAC
1920,Sf407fb17,49.88,59.75,63,85,NA,No FAC
1920,Sf5565587,92,92,86,100,NA,No FAC
1920,Seb5c2f65,70,NA,93,100,NA,No FAC
1920,Sb7f9cebe,94,88.25,62,92,NA,No FAC
1920,Sa15f07a4,87,82,85,94,NA,No FAC
1920,S914895b5,86.5,94.5,51,76,NA,No FAC
1920,Scee2337d,91.5,97.5,87,100,NA,No FAC
1920,S5fcdbbfa,84,76.5,81,97,NA,No FAC
1920,S4f9f3e2d,65,52.5,50,88,67,FAC
1920,S562966e7,82,89.38,59,98,NA,No FAC
1920,S8588779e,83.25,48.25,60,100,NA,No FAC
1920,S4a36600f,71.5,83.38,60,64,NA,No FAC
1920,S232f192e,65.5,69.25,60,0,NA,No FAC
1920,S3765bcec,93.88,NA,71,88,77,FAC
1920,S17fc617f,86.25,82.5,62,72,NA,No FAC
1920,S4e6e9ca5,92,85.25,88,100,NA,No FAC
1920,S897013ec,88.5,87,94,94,NA,No FAC
1920,Sca6ca03b,52.75,45.25,31,56,68,FAC
1920,Sb1294506,95,91.25,95,100,NA,No FAC
1920,Sdef615f1,94,95,86,100,NA,No FAC
1920,Sa243fd4d,90,100,94,100,NA,No FAC
1920,S64c289de,74,83.75,73,100,NA,No FAC
1920,S163f66f5,73.5,86,74,99,NA,No FAC
1920,S307ad594,61.5,56.75,57,98,57,FAC
1920,S9d6fe239,90,87.63,89,82,NA,No FAC
1920,S01e3590f,89.5,85.75,98,100,NA,No FAC
1920,Se66cd1fe,73.88,81.88,53,81,NA,No FAC
1920,Se1d73034,79.5,54.5,49,82,68,FAC
1920,S77a8af76,96,90,64,94,NA,No FAC
1920,S69b44afd,72.63,NA,14,82,NA,No FAC
1920,S1cf6cec5,82.13,86.88,63,98,NA,No FAC
1920,S22579c3f,91.38,95,95,100,NA,No FAC
1920,S3a07ba1c,92.5,97,96,100,NA,No FAC
1920,Sb989ddde,82.13,NA,47,96,NA,No FAC
1920,Sfe374d86,74.13,36.25,55,90,NA,No FAC
1920,S28ca0a5b,80.38,82.75,83,98,NA,No FAC
1920,Se5b32711,97,NA,77,93,NA,No FAC
1920,Sfb2932a0,83.25,NA,78,82,76,FAC
1920,S943dac55,79.13,79.5,83,94,NA,No FAC
1920,S6db8fda2,82.38,74.75,73,96,NA,No FAC
1920,S9c59ed35,74.38,87,77,92,79,FAC
1920,S17244c7d,76.25,NA,50,98,56,FAC
1920,S63597b42,88.88,74,56,99,79,FAC
1920,S7cb5fb95,82.63,67.5,NA,100,NA,No FAC
1920,S4a6bee33,67.25,43,52,76,NA,No FAC
1920,S3d69d286,94.38,NA,NA,99,NA,No FAC
1920,Sdaebfe25,95,81.88,86,100,100,FAC
1920,S790a2c82,100,100,100,100,NA,No FAC
1920,S96c237c1,96.38,84,82,92,63,FAC
1920,S324ddf65,47,NA,80,49,NA,No FAC
1920,S862134c0,85.75,100,62,66,NA,No FAC
1920,S53a10705,100,90,97,93,NA,No FAC
1920,Sfbd8f62a,75.63,NA,NA,92,NA,No FAC
1920,Sd56b3da1,85.75,95,90,99,NA,No FAC
1920,S4b949cd5,78.25,75.75,82,98,NA,No FAC
1920,Sbc43365a,74.5,59.5,79,100,77,FAC
1920,S0ec794f5,80.38,100,87,97,NA,No FAC
1920,S80f41937,53.38,NA,60,75,NA,No FAC
1920,Scc563103,94.38,67.38,67,99,NA,No FAC
1920,S2db58e2d,86,59.5,92,97,NA,No FAC
1920,Sf992799e,95,NA,76,97,NA,No FAC
1920,Scf89b24d,66.75,80.75,94,88,NA,No FAC
1920,S934d1d7e,80.75,73.25,64,91,NA,No FAC
1920,S78f312f4,67.63,77,47,82,NA,No FAC
1920,Sd19e21e7,92,82.13,91,100,NA,No FAC
1920,S4779700f,74,81.38,79,47,NA,No FAC
1920,S861fd91f,63.88,75,79,85,NA,No FAC
1920,S8ee37d8e,67,47,45,81,66,FAC
1920,Saec4253d,80.63,51,45,89,56,FAC
1920,Sb157d9f1,72,61.25,70,88,72,FAC
1920,S3a4de841,84,74.88,78,88,NA,No FAC
1920,Sf4846d7b,63.38,48.13,61,90,NA,No FAC
1920,S0f310881,81.25,73.5,78,94,NA,No FAC
1920,Scfe93b71,62.88,88.75,90,93,NA,No FAC
1920,Scd703bb3,84,71.13,75,98,NA,No FAC
1920,S49a4a8d8,66.75,77.13,63,82,NA,No FAC
1920,S76396f80,88.38,63.25,77,91,NA,No FAC
1920,S98e9e60d,90.63,100,87,100,NA,No FAC
1920,S45008542,97,100,90,100,NA,No FAC
1920,S5f251292,90,80,87,99,NA,No FAC
1920,Sc46cd8fa,45.75,59,51,77,NA,No FAC
1920,Sb9a82207,52,88.5,91,93,NA,No FAC
1920,S24a1d6a2,28.25,85,82,88,NA,No FAC
1920,Se383b264,66.5,59,73,99,82,FAC
1920,S1c742ac5,83.25,NA,62,98,NA,No FAC
1920,Sab9b0bc6,89.38,77,NA,100,NA,No FAC
1920,S5d4cee00,66,NA,NA,99,NA,No FAC
1920,Sd3766a71,87,91.5,100,100,NA,No FAC
1920,Sb3f1f338,95.75,79.5,90,100,NA,No FAC
1920,Sbfc1c636,100,85,86,93,NA,No FAC
1920,S5f53a723,66,NA,NA,94,NA,No FAC
1920,S9b26155e,51.13,19,49,90,NA,No FAC
1920,S4b3c1a6f,71.25,76.88,78,100,NA,No FAC
1920,Sf76a4aaa,95,79.75,92,98,NA,No FAC
1920,Sc4d6246e,28.88,NA,NA,59,NA,No FAC
1920,Sf3e25565,97,91.38,NA,98,NA,No FAC
1920,S9f474f76,86.38,87,93,100,NA,No FAC
1920,Sdaffefa3,89,82.5,89,97,NA,No FAC
1920,S61af50be,94,93.13,83,100,100,FAC
1920,S7fb35e77,71,60.75,78,93,NA,No FAC
1920,Saea375dc,72,70,98,98,NA,No FAC
1920,Sa0f85d31,80.25,69.5,NA,98,NA,No FAC
1920,S2c3a13b6,90,65.75,78,89,56,FAC
1920,S6fc25788,89.38,87,71,100,NA,No FAC
1920,S4c242065,82.75,38.38,57,98,86,FAC
1920,Se5a482b2,97,91.5,91,100,NA,No FAC
1920,S9a4b8604,70.25,NA,67,90,NA,No FAC
1920,Sde7568df,68.25,65.25,NA,95,NA,No FAC
1920,S453cdb75,67.75,76,56,91,NA,No FAC
1920,S9ecefd80,93.75,77.13,66,100,NA,No FAC
1920,S49401797,92,97,95,100,NA,No FAC
1920,Sc62c32ee,51.25,55.75,52,62,13,FAC
1920,S2cb4f7cd,88.75,91.25,77,94,69,FAC
1920,Sd4b65a41,82.63,73.13,81,96,NA,No FAC
1920,Sfd346570,67.5,78.38,77,81,NA,No FAC
1920,S764352f5,78.75,74.5,62,82,NA,No FAC
1920,S2d21bde2,97,100,96,100,NA,No FAC
1920,Sed6f90d6,69.5,84,60,0,NA,No FAC
1920,Sacc2f291,86.5,89.5,97,99,NA,No FAC
1920,S25b1d892,86,70.5,90,100,NA,No FAC
1920,S5b8209b1,93.75,83.38,93,98,NA,No FAC
1920,S7883c08e,100,95,97,100,NA,No FAC
1920,S4e548e02,76.38,96.38,96,99,NA,No FAC
1920,S659344b3,84.63,50.5,64,89,NA,No FAC
1920,S6d9bef69,79,97,74,88,NA,No FAC
1920,S8c79e232,49.75,44.88,40,67,NA,No FAC
1920,S438636fe,56,67,69,93,NA,No FAC
1920,Se1e1f4ad,69.5,69,73,90,NA,No FAC
1920,S4b062393,77.63,74,74,74,72,FAC
1920,Sd0ebe785,0,88.5,62,0,NA,No FAC
1920,S9fb247f0,66.38,84.38,97,100,NA,No FAC
1920,Se0c68c71,67,73.5,65,84,NA,No FAC
1920,S599fd442,60.25,68,38,0,57,FAC
1920,Sebb6f5fc,97,86.25,83,100,NA,No FAC
1920,Sb5d11650,86.13,92,94,98,NA,No FAC
1920,S74f940fc,92,78.25,90,100,NA,No FAC
1920,S6c0829cf,95,NA,89,94,NA,No FAC
1920,S7cf5ff1c,92,NA,82,91,NA,No FAC
1920,S8c54e08e,75.88,68.25,62,85,NA,No FAC
1920,S0583efa8,91,92,91,100,NA,No FAC
1920,Sc2236f6e,85.63,84.38,86,98,79,FAC
1920,Sf8a52fa5,83,64.5,39,97,76,FAC
1920,Se2c07ce5,95,90,75,97,NA,No FAC
1920,Sc587e903,93,NA,83,100,NA,No FAC
1920,S3922c14f,98.75,89.38,98,100,NA,No FAC
1920,S522c1471,93.13,97,88,100,NA,No FAC
1920,S30b1db8f,95,97,92,100,NA,No FAC
1920,Sc31c8293,84,NA,NA,99,NA,No FAC
1920,Sc6be8da8,87.25,77.75,78,96,NA,No FAC
1920,S8960f171,68.88,NA,NA,94,NA,No FAC
1920,S5913e02c,68.25,74.88,76,90,NA,No FAC
1920,Sf4c27b98,61.5,58,52,65,49,FAC
1920,Saf1a4f23,90.75,90,91,100,NA,No FAC
1920,S93db1b95,93.25,NA,NA,99,NA,No FAC
1920,S45e15c5b,5,NA,67,86,NA,No FAC
1920,S669942ce,100,NA,85,94,NA,No FAC
1920,S315d4a69,63.5,54.5,55,88,NA,No FAC
1920,Sbba15bca,97,NA,18,100,NA,No FAC
1920,S88e1aad8,70,NA,NA,98,NA,No FAC
1920,S84c3cea3,88.75,92.5,90,100,NA,No FAC
1920,S20e22c34,46.88,NA,33,81,NA,No FAC
1920,S435da3ba,66.25,64.5,78,100,66,FAC
1920,S3ab8be3d,83.88,87,82,99,72,FAC
1920,S35f44d5e,87.5,83.13,89,100,NA,No FAC
1920,S1fe23631,100,83.5,71,98,NA,No FAC
1920,S4c5272f5,90.75,84.5,90,100,NA,No FAC
1920,Sed26bad4,75.13,82.25,66,91,NA,No FAC
1920,Sc642de04,100,95,91,99,NA,No FAC
1920,S8fdc0e90,84.5,71.25,90,95,NA,No FAC
1920,S2ff3ba29,80.75,60.5,68,100,67,FAC
1920,S865e6fe3,86.25,84.75,96,94,NA,No FAC
1920,Sed2918d6,82.5,NA,66,94,NA,No FAC
1920,S90bb48af,87,94,82,95,NA,No FAC
1920,S92d5f303,92,75.75,85,100,NA,No FAC
1920,S0f55559e,74.75,77.13,90,99,NA,No FAC
1920,S8903b5aa,94,87.38,70,99,NA,No FAC
1920,S8b0442f3,73.88,66.63,71,98,NA,No FAC
1920,Sb08b529e,94,85.75,90,95,NA,No FAC
1920,S5e72e6ce,80.13,87.75,84,92,NA,No FAC
1920,S5bf47c19,92,92,94,100,NA,No FAC
1920,Sba625c40,69.88,79.13,90,100,NA,No FAC
1920,Safdf9156,93.75,NA,57,87,NA,No FAC
1920,S47deca54,76,NA,66,100,NA,No FAC
1920,S02e6a38a,85.13,84.5,75,100,NA,No FAC
1920,S7b95d568,84.38,68,59,99,NA,No FAC
1920,S0b722452,90,NA,69,81,74,FAC
1920,Sacb04b35,100,NA,NA,100,NA,No FAC
1920,See54d976,88.88,84.5,77,87,NA,No FAC
1920,S72fae9a5,90.75,80.25,80,99,80,FAC
1920,S64f977f6,92,78.5,88,97,NA,No FAC
1920,S36afdf5b,5,85,60,0,NA,No FAC
1920,S2b0f3d5c,88.13,73.13,76,100,NA,No FAC
1920,Seef03029,74.5,62.75,78,80,NA,No FAC
1920,S463325bd,97,100,71,98,NA,No FAC
1920,S8523ae43,64.75,NA,NA,85,76,FAC
1920,Scb261ecb,81.5,39.5,42,85,66,FAC
1920,S1d7de480,97,80.25,95,98,NA,No FAC
1920,S2c72c367,73.88,60.25,54,86,NA,No FAC
1920,Sa1826bc8,88.75,87,91,98,NA,No FAC
1920,S113fb01c,90,90.75,81,96,NA,No FAC
1920,S0ea6da1d,86,82.88,70,83,69,FAC
1920,Sbad70eb5,81.5,71.75,89,98,98,FAC
1920,S1598a75c,95.75,92,75,92,NA,No FAC
1920,S556f2cce,57.75,58,74,68,NA,No FAC
1920,S27bf74e1,88.38,95,90,93,NA,No FAC
1920,Sd9c64b11,95,100,99,100,100,FAC
1920,S41948575,64.75,60.63,NA,69,NA,No FAC
1920,Sb3a2d8cb,76.25,85.38,61,0,NA,No FAC
1920,Scda387b1,59.5,66,28,0,50,FAC
1920,Se027e0d0,65.5,50.88,66,80,67,FAC
1920,Sd8f9df2e,100,72,91,100,100,FAC
1920,Se332dff0,76,75.25,50,82,NA,No FAC
1920,S7543e57d,86.25,85.75,98,100,NA,No FAC
1920,S9d0855f9,95,93.75,94,100,NA,No FAC
1920,Sac9008ea,77,40,77,100,79,FAC
1920,S308395cf,70,NA,57,84,NA,No FAC
1920,Sc0ef08cf,72,71.5,66,NA,NA,No FAC
1920,S3cdbebf9,93.38,2.5,77,69,88,FAC
1920,S1789154a,91,90.75,62,93,NA,No FAC
1920,Sa59c6ac3,34.25,40,36,56,49,FAC
1920,S1aff63d1,65.75,NA,65,92,NA,No FAC
1920,S7a58772d,85.13,70.13,91,96,86,FAC
1920,S8ecee1d1,80,51.25,72,100,78,FAC
1920,S8806add1,76.5,NA,70,100,NA,No FAC
1920,S5c7e67b6,100,94.38,97,100,88,FAC
1920,S83836962,84.5,85,96,100,NA,No FAC
1920,Sf2237fe4,97,89.38,87,100,NA,No FAC
1920,S1685efc0,82.75,47,NA,98,NA,No FAC
1920,S92412b8e,67.75,NA,NA,88,NA,No FAC
1920,Sb2cce9e8,68.5,75.75,70,83,NA,No FAC
1920,Sc840d957,71.38,79.38,75,93,NA,No FAC
1920,S53c264e6,80,NA,NA,100,NA,No FAC
1920,Sd3e7d8c9,67,NA,NA,62,NA,No FAC
1920,S68875a65,24.88,NA,34,0,0,FAC
1920,S7875098c,81,65,83,91,NA,No FAC
1920,Saa4b2336,60.88,77,76,90,NA,No FAC
1920,S225b4a01,95,87,88,99,80,FAC
1920,S0044911a,65.25,NA,NA,71,NA,No FAC
1920,Sda7fead2,71.75,NA,NA,90,NA,No FAC
1920,Sba7cd768,93.25,79.5,62,92,NA,No FAC
1920,S64b906de,78.88,74,51,92,78,FAC
1920,Seb5bd180,78.75,54.75,77,93,NA,No FAC
1920,S07082c9f,63.63,65.5,83,94,NA,No FAC
1920,S3d595a8f,75.13,60.25,74,99,NA,No FAC
1920,Sb21227fd,86.13,76,77,93,NA,No FAC
1920,S1e349248,69.5,59.13,61,80,NA,No FAC
1920,S85ebd464,83.75,59.25,80,100,NA,No FAC
1920,S5df8c2fa,75.75,80.13,90,97,NA,No FAC
1920,S57ac778e,74.75,NA,52,91,0,FAC
1920,S2a9412a5,79,97,73,91,NA,No FAC
1920,S73c22ee8,93.88,83.5,76,72,NA,No FAC
1920,Sfff1c718,69,55.75,58,80,NA,No FAC
1920,Se40e572e,84.5,84.63,75,99,NA,No FAC
1920,S9d37bfeb,93.25,48.75,70,98,62,FAC
1920,Sa6b1dff7,67.25,68.38,75,90,NA,No FAC
1920,S0469a05e,62.5,87,89,88,NA,No FAC
1920,S183a5f5a,62.75,63.25,52,78,NA,No FAC
1920,S2d51af81,56.38,NA,63,47,69,FAC
1920,S03428d23,95,95,93,93,NA,No FAC
1920,S6b0bd5e0,95,NA,NA,91,NA,No FAC
1920,S4dbadc72,85.75,NA,NA,68,67,FAC
1920,S54231eb7,97.5,90,95,100,NA,No FAC
1920,Sa56c0413,70,73,72,85,NA,No FAC
1920,Sa0c1fbb3,84.75,NA,61,96,NA,No FAC
1920,Sfae9aa54,97,81.75,99,100,NA,No FAC
1920,S5d6a081d,87.5,85.63,74,99,NA,No FAC
1920,Sabbd7f5b,85.13,75.38,71,93,NA,No FAC
1920,S287ec180,78.38,NA,NA,89,NA,No FAC
1920,S91f818cd,84.13,NA,73,78,NA,No FAC
1920,S4e463856,80,80.13,64,74,NA,No FAC
1920,S12734bc0,91,95.13,96,100,NA,No FAC
1920,Sa801ea57,92,NA,NA,93,NA,No FAC
1920,Sf6dbecab,92,66.25,82,97,67,FAC
1920,S95296c79,100,100,87,100,100,FAC
1920,S3becfe44,91,89.5,56,90,NA,No FAC
1920,Scb44f25a,68.75,69.63,79,85,79,FAC
1920,S7f9d5d56,77.75,78.25,79,51,NA,No FAC
1920,Sccd63811,75.5,80.75,76,73,NA,No FAC
1920,Sbe37b100,78.25,71.5,62,70,60,FAC
1920,S6982a53f,72.63,78.75,76,99,NA,No FAC
1920,S9b01d3b6,70.75,58.5,54,0,NA,No FAC
1920,S5bf1f10d,42,29.5,45,76,NA,No FAC
1920,Sa1bd3462,90,97,97,74,NA,No FAC
1920,Sfab045f3,63.13,NA,77,98,NA,No FAC
1920,Sd47f0cf0,95.75,NA,70,68,NA,No FAC
1920,S624710a4,66.25,80.38,68,49,NA,No FAC
1920,Se33a8f74,52.63,25.5,61,63,NA,No FAC
1920,Sc3900f26,97.5,70.75,67,97,NA,No FAC
1920,Sc7d94445,90.13,NA,81,100,NA,No FAC
1920,S79f45225,81.38,93.75,74,99,NA,No FAC
1920,S6c073e75,72.5,83.88,69,90,NA,No FAC
1920,Sf0a35411,92,84.5,78,98,86,FAC
1920,S321fd463,82,NA,NA,42,NA,No FAC
1920,Sd03a0f4e,62.13,56,45,78,NA,No FAC
1920,S9893db78,88.5,78.25,80,86,NA,No FAC
1920,S18b6f5d7,75.5,65.5,78,90,NA,No FAC
1920,S0e07078d,86.38,81.25,61,90,NA,No FAC
1920,Sd6c9bd66,2.5,NA,41,73,NA,No FAC
1920,S458759ee,72,NA,36,69,50,FAC
1920,Se8fc82a9,63.88,68.13,51,72,NA,No FAC
1920,S2039ccd1,79.63,73.75,49,70,NA,No FAC
1920,S5f3410e3,31.75,43.75,65,56,NA,No FAC
1920,S7e921f9a,80.75,70.75,72,100,NA,No FAC
1920,S0c1f576a,85.13,80,81,90,52,FAC
1920,S845ef4df,66.5,NA,71,87,NA,No FAC
1920,S3915021b,86.38,78.25,83,100,NA,No FAC
1920,S8f923d56,92,89.25,87,95,78,FAC
1920,S14e15c42,68,65.5,86,70,NA,No FAC
1920,S78062775,86.38,79,91,100,NA,No FAC
1920,Sf483b8c5,87.75,75.75,84,98,NA,No FAC
1920,S4a7fffb5,70.13,NA,61,54,NA,No FAC
1920,S561e3733,65.25,68.25,66,60,NA,No FAC
1920,Sc85f59d1,69.5,NA,NA,0,NA,No FAC
1920,S8cd06345,100,84.5,97,100,NA,No FAC
1920,Sc3566576,96.38,78.25,67,50,NA,No FAC
1920,S8f3f36f8,97,80,83,100,NA,No FAC
1920,Sd97adc2d,70.25,92.75,82,94,NA,No FAC
1920,S3df236ea,82,63,72,77,NA,No FAC
1920,S5ebdfcef,65.25,66.75,54,86,57,FAC
1920,S121da72a,83,NA,NA,91,NA,No FAC
1920,S4b361e22,92,82.25,82,97,NA,No FAC
1920,S8dff477e,60.63,81.5,62,82,NA,No FAC
1920,S7675714d,85,NA,NA,93,NA,No FAC
1920,S6c46fd28,62,66.13,50,NA,NA,No FAC
1920,S72dbfd3e,82,83.88,66,98,NA,No FAC
1920,Sd36b9565,65,NA,53,93,76,FAC
1920,Se943aa3c,85,NA,92,96,NA,No FAC
1920,Se819fa32,72.25,59.25,45,84,76,FAC
1920,S2d2b0c17,92,96.38,82,98,NA,No FAC
1920,S0213404e,85,83.25,58,100,NA,No FAC
1920,Sfda530e9,85.25,91.5,64,98,NA,No FAC
1920,Sedc53b67,70.75,NA,NA,97,NA,No FAC
1920,Se52c9192,89,86.38,74,94,NA,No FAC
1920,S00e3e73b,85,NA,59,100,NA,No FAC
1920,S46455015,87,95,69,82,NA,No FAC
1920,S78334df6,78.75,88.38,89,100,NA,No FAC
1920,Sa0883af3,80.38,NA,65,95,NA,No FAC
1920,S3f42e0b7,80,75.75,83,98,NA,No FAC
1920,S39d94b3e,53.75,31.25,53,95,NA,No FAC
1920,S9325bd04,94,65.13,84,98,NA,No FAC
1920,Se236005f,76.88,69,83,94,NA,No FAC
1920,S01aa730d,81.88,78.5,NA,78,NA,No FAC
1920,S7e49d424,73.25,49.5,45,0,NA,No FAC
1920,S269c1807,90,NA,42,59,74,FAC
1920,S0ad204fe,0,NA,51,58,NA,No FAC
1920,Sd1ae370d,77,NA,NA,93,NA,No FAC
1920,S11e4ce1a,59,45.13,47,93,NA,No FAC
1920,Sa29b82d6,83.5,85.88,71,90,NA,No FAC
1920,S15222e69,79,55,52,88,76,FAC
1920,Sbabc4410,79.88,98.75,98,74,NA,No FAC
1920,S0f4af220,75.63,62.5,51,88,NA,No FAC
1920,S79828a1a,90.38,69.5,84,91,NA,No FAC
1920,S51f854a6,35.13,0,41,93,NA,No FAC
1920,Sc5149191,82.5,57,73,95,NA,No FAC
1920,Sd2ebbca0,75.38,74.75,53,76,NA,No FAC
1920,S1c7cb63b,77.75,86.13,69,75,NA,No FAC
1920,S5b5da394,69.25,65.88,51,98,NA,No FAC
1920,S9b6ac7e9,84,67.13,61,98,NA,No FAC
1920,Sbb287c53,86.5,74.5,70,99,87,FAC
1920,S1ff3d361,81.38,NA,NA,99,NA,No FAC
1920,S3dae7f02,77.25,56.25,40,82,57,FAC
1920,S7f03aacd,100,NA,0,0,NA,No FAC
1920,S019673c0,97,95,95,100,100,FAC
1920,Sa75c45bf,97,85.75,79,100,NA,No FAC
1920,S28543dd9,86.88,88.75,70,95,NA,No FAC
1920,Sf5391d44,66.5,NA,79,99,NA,No FAC
1920,Sdf274f6d,47,46,29,0,NA,No FAC
1920,Sdb769d4c,97,NA,85,100,NA,No FAC
1920,S87e50db6,66.5,61.75,67,81,NA,No FAC
1920,S566f7004,67,NA,40,97,83,FAC
1920,Sf3edf767,59.63,NA,60,92,NA,No FAC
1920,Sb085dc0a,5,NA,40,60,NA,No FAC
1920,Sefcc370b,64.5,NA,36,45,NA,No FAC
1920,S0b0718c1,57.38,63.75,51,0,50,FAC
1920,S544d191f,92,89.5,80,98,NA,No FAC
1920,S380a30ca,98.75,90,81,100,NA,No FAC
1920,S021f7d32,27.5,NA,44,67,19,FAC
1920,S48637b71,16.25,NA,NA,0,NA,No FAC
1920,S805eb286,73.88,71,36,49,NA,No FAC
1920,Sdec5e9c4,11.25,NA,69,0,NA,No FAC
1920,Sa34e0c69,17.5,NA,39,91,NA,No FAC
1920,Sd35db6dd,42.5,NA,48,86,NA,No FAC
1920,S790cfef1,15,30,71,83,NA,No FAC
1920,S9d02e40c,74.5,NA,61,93,NA,No FAC
1920,Sb25aa7a5,66,57.25,74,93,NA,No FAC
1920,S2522d5a1,91,NA,85,100,NA,No FAC
1920,S5e641a5a,62.25,34.5,38,98,NA,No FAC
1920,Sde7abf7c,89.38,NA,NA,73,NA,No FAC
1920,Se84361a9,59.5,76.88,68,89,NA,No FAC
1920,Sd16220d2,78.38,NA,60,100,NA,No FAC
1920,S9ae9b14b,76.25,77.5,0,98,NA,No FAC
1920,S67db4b9b,77,NA,64,81,NA,No FAC
1920,Sf3d1dcf1,40.63,28,44,87,NA,No FAC
1920,Sb4bc4970,84.13,NA,NA,68,69,FAC
1920,S374db588,27.5,34,32,72,65,FAC
1920,S48b929e1,65.13,71.25,50,95,NA,No FAC
1920,S2f58fd17,84.38,75.75,66,98,NA,No FAC
1920,S56fbdd28,99,87,78,100,NA,No FAC
1920,Sa787dc98,59,NA,49,80,NA,No FAC
1920,S04c58f8b,13.75,NA,NA,81,58,FAC
1920,Sfe608332,45.75,65.5,63,96,NA,No FAC
1920,Se42bc96c,82,96.25,95,94,NA,No FAC
1920,S2a53ca80,50.75,NA,66,75,NA,No FAC
1920,Sc691d7be,25,81.13,82,86,NA,No FAC
1920,S1a64d524,69.75,82,47,79,50,FAC
1920,Sed876744,47,64,55,83,NA,No FAC
1920,S529f8468,5,NA,NA,77,NA,No FAC
1920,Sd12c1314,55.75,NA,NA,0,NA,No FAC
1920,S98230499,58.75,69.5,10,58,NA,No FAC
1920,S9a930af2,15,NA,NA,93,NA,No FAC
1920,S8630f6a8,52.5,72.5,50,40,NA,No FAC
1920,S38cbd1de,0,NA,0,44,NA,No FAC
1920,S235b8df7,16.25,NA,NA,40,10,FAC
1920,Sdaf00b74,0,NA,0,0,NA,No FAC
1920,S3f848ae7,2.5,NA,44,0,NA,No FAC
1920,S71143f09,75.38,NA,NA,0,NA,No FAC
1920,S1e286a91,44,79.75,57,86,NA,No FAC
1920,S2ced186a,58.75,NA,47,55,NA,No FAC
1920,S6d3188a2,0,NA,0,0,NA,No FAC
1920,S08482efa,NA,88.88,40,0,NA,No FAC
1920,S3802876f,NA,81.5,47,0,NA,No FAC
1920,Se87a99d1,NA,55.13,NA,NA,59,FAC
1920,Saea9c429,NA,93.38,70,53,NA,No FAC
1920,S4e8c4842,NA,71.25,54,NA,NA,No FAC
1920,Se8397787,NA,64.5,NA,NA,67,FAC
1920,S53e0c458,NA,43.38,NA,NA,0,FAC
1920,Sb179f18b,NA,58,53,NA,NA,No FAC
1920,S2a1bc077,NA,80.25,87,NA,NA,No FAC
1920,Sf21c95f6,NA,72,54,77,NA,No FAC
1920,S12cc839b,NA,100,83,56,NA,No FAC
1920,S7832ad1a,NA,69,NA,NA,58,FAC
1920,Saa043005,NA,29.5,13,0,75,FAC
1920,Se240b5ee,NA,26.5,43,NA,NA,No FAC
1920,Sbd0cf8a0,NA,67.88,62,81,NA,No FAC
1920,S2f51411c,NA,52.38,46,NA,NA,No FAC
1920,S0591cb7c,NA,95,97,92,NA,No FAC
1920,S033e3432,NA,84,63,NA,NA,No FAC
1920,Sdf4b8e8c,NA,35.75,37,75,NA,No FAC
1920,Se1c0202f,NA,91.5,85,NA,NA,No FAC
1920,Sa195ce6b,NA,76.38,NA,NA,NA,No FAC
1920,Se5513f8c,NA,15,58,88,NA,No FAC
1920,S3442601b,NA,49,0,0,NA,No FAC
1920,S9365afd1,NA,52.13,82,NA,NA,No FAC
1920,S0272299e,NA,27.25,NA,NA,65,FAC
1920,S5ea3980b,NA,83.88,95,100,NA,No FAC
1920,S5963156e,NA,100,91,0,NA,No FAC
1920,Sc53bcb87,NA,85.13,85,NA,NA,No FAC
1920,S605097e0,NA,85,68,NA,NA,No FAC
1920,Sd1d60c28,NA,38.63,NA,NA,0,FAC
1920,S8133bf3f,NA,62,54,89,NA,No FAC
1920,S538aae08,NA,43,37,54,NA,No FAC
1920,S9d61a0d7,NA,75.75,67,NA,NA,No FAC
1920,Sf999e4fd,NA,88.25,63,78,NA,No FAC
1920,Sb9947c30,NA,90.63,72,59,NA,No FAC
1920,Seecf48bb,NA,90.75,0,NA,NA,No FAC
1920,S60f2a0af,NA,86.5,73,97,NA,No FAC
1920,Saa91dc31,NA,81.38,NA,NA,62,FAC
1920,S416e7d68,NA,62,NA,NA,0,FAC
1920,S1b276267,NA,79,72,100,NA,No FAC
1920,Saf292df5,NA,86.75,89,0,NA,No FAC
1920,S50e0c668,NA,62.5,46,79,NA,No FAC
1920,S5cb48522,NA,71.5,NA,NA,72,FAC
1920,S8af5e07b,NA,88.13,99,NA,NA,No FAC
1920,Sba25f8d6,NA,44.88,NA,NA,NA,No FAC
1920,Se786c0f2,NA,33,NA,NA,48,FAC
1920,Saa5b15fe,NA,71.88,NA,NA,79,FAC
1920,S92b5494b,NA,51,NA,NA,70,FAC
1920,S08d100bc,NA,70,53,0,NA,No FAC
1920,S274a6a3b,NA,29.75,NA,NA,70,FAC
1920,S57ddb465,NA,89.38,NA,NA,70,FAC
1920,S34689c42,NA,20.38,0,0,NA,No FAC
1920,S1b098a04,NA,65.88,46,0,NA,No FAC
1920,Se87def70,NA,85.25,70,NA,NA,No FAC
1920,S192ed7d0,NA,61.5,56,NA,NA,No FAC
1920,Sc6251c65,NA,78,NA,NA,71,FAC
1920,Sdee044f2,NA,37.25,NA,NA,86,FAC
1920,Se028dc31,NA,69.13,94,85,NA,No FAC
1920,S300b0c40,NA,53.5,NA,NA,NA,No FAC
1920,Sd53701e8,NA,58.75,43,88,43,FAC
1920,S7ab18772,NA,88.25,79,74,71,FAC
1920,S8b0f34d2,NA,56.75,49,0,NA,No FAC
1920,S65b2cecb,NA,82.38,98,95,99,FAC
1920,S5113aeca,NA,70,56,NA,NA,No FAC
1920,Sc12c51bf,NA,77.63,76,100,NA,No FAC
1920,Scb967492,NA,81.25,50,50,NA,No FAC
1920,S78b12359,NA,94.5,100,NA,NA,No FAC
1920,S0b518d52,NA,83.38,NA,NA,61,FAC
1920,S0b916b8b,NA,54.25,65,NA,NA,No FAC
1920,S6782a85f,NA,65,58,NA,NA,No FAC
1920,S3e551062,NA,82,0,NA,NA,No FAC
1920,S21210c86,NA,93.75,89,NA,NA,No FAC
1920,Sfe7df8fa,NA,92,0,0,NA,No FAC
1920,S3510f211,NA,59,61,84,NA,No FAC
1920,S1b8c7ba3,NA,65,46,NA,NA,No FAC
1920,S259298c0,NA,61.25,18,NA,NA,No FAC
1920,Se68a83a3,NA,74.63,69,98,NA,No FAC
1920,Sd96d0c2f,NA,81.5,46,NA,NA,No FAC
1920,S517e6485,NA,54,50,NA,NA,No FAC
1920,Sf8019800,NA,78.88,75,NA,NA,No FAC
1920,S7d9236f1,NA,70.13,51,70,0,FAC
1920,S57aad05c,NA,27,0,0,NA,No FAC
1920,Secc926cc,NA,42,NA,NA,55,FAC
1920,S72cc2d3c,NA,81.25,67,NA,NA,No FAC
1920,S8936cdfb,NA,95,86,NA,NA,No FAC
1920,Seaa2c4ad,NA,100,0,0,NA,No FAC
1920,Se6f41337,NA,76.5,NA,NA,73,FAC
1920,S68c9718c,NA,39.75,63,NA,NA,No FAC
1920,S7a684a9c,NA,65.63,48,NA,NA,No FAC
1920,S197fc774,NA,5,NA,NA,52,FAC
1920,S9b104347,NA,84.75,NA,NA,NA,No FAC
1920,Sfcab0c2a,NA,91.25,NA,NA,NA,No FAC
1920,S4df770ca,NA,48.25,66,78,48,FAC
1920,S2c2b079b,NA,17,40,NA,NA,No FAC
1920,Sceb60d29,NA,90,71,0,NA,No FAC
1920,S32d5a477,NA,92,71,53,NA,No FAC
1920,S4fd8b1e0,NA,51.25,NA,0,NA,No FAC
1920,S7bfec137,NA,81.88,64,91,NA,No FAC
1920,S1e464662,NA,84.5,56,NA,NA,No FAC
1920,S23dc03c2,NA,82,60,NA,NA,No FAC
1920,S6a8afbe8,NA,35.88,46,85,NA,No FAC
1920,S42ad947f,NA,90.5,NA,NA,NA,No FAC
1920,S6124c4cf,NA,69,NA,0,NA,No FAC
1920,S8909045f,NA,35.25,NA,0,NA,No FAC
1920,S4c369631,NA,77,86,98,88,FAC
1920,S2edba0ee,NA,41.5,0,NA,NA,No FAC
1920,S55f770e4,NA,81.13,46,NA,NA,No FAC
1920,S4db34741,NA,88.25,43,69,NA,No FAC
1920,S1a980254,NA,72.5,84,NA,NA,No FAC
1920,Sa604d3f8,NA,5,49,54,56,FAC
1920,S5cc88166,NA,52,43,0,51,FAC
1920,S09146c9e,NA,5,73,94,NA,No FAC
1920,Se24cd668,NA,0,62,76,54,FAC
1920,S52eab25b,NA,5,35,0,0,FAC
2021,S710d3d75,90.75,86,84,NA,NA,No FAC
2021,S083f1629,77,90.5,96,NA,NA,No FAC
2021,Sdc027e88,74.5,NA,67,NA,NA,No FAC
2021,S60b6682a,97.5,100,93,NA,NA,No FAC
2021,S7d820c5a,72,76.25,82,NA,NA,No FAC
2021,S2df4f6bb,95,97.75,99,NA,NA,No FAC
2021,S53f65542,79,88.75,78,NA,NA,No FAC
2021,S9a33d0af,57.5,NA,NA,NA,67,FAC
2021,S8ff07223,57,82.63,91,NA,NA,No FAC
2021,Secbd1f82,97,87,65,NA,NA,No FAC
2021,S44b4289b,100,93.25,86,NA,NA,No FAC
2021,Sb8f4784c,81.25,61.25,83,NA,87,FAC
2021,S399db2df,74.63,NA,NA,NA,76,FAC
2021,S2d0e6138,88.25,64.5,87,NA,NA,No FAC
2021,S2aac6bdc,88.88,80.13,75,NA,NA,No FAC
2021,S47878864,95,90,90,NA,NA,No FAC
2021,Se8d21f6b,90,94.5,91,NA,NA,No FAC
2021,Sea50c1a3,94.5,80.13,65,NA,NA,No FAC
2021,S364a58ce,90.13,76.5,83,NA,NA,No FAC
2021,S6c6d6b32,87.5,83,77,NA,NA,No FAC
2021,S3772f20d,100,95,96,NA,NA,No FAC
2021,S9c33cdd3,85,78.75,79,NA,NA,No FAC
2021,S52a5b524,85.25,65,84,NA,61,FAC
2021,S8c5b5aa3,74,58,64,NA,NA,No FAC
2021,Scfbc9278,91.38,100,81,NA,NA,No FAC
2021,S38b726f7,40.13,NA,NA,NA,45,FAC
2021,S63c592a6,91.5,69.5,90,NA,98,FAC
2021,Sf72ef78e,94,70,83,NA,99,FAC
2021,S715fd152,87.88,95.75,86,NA,NA,No FAC
2021,Sff71bbab,83.25,NA,NA,NA,NA,No FAC
2021,S97152fbe,97,78.25,69,NA,NA,No FAC
2021,S5924c649,97,100,96,NA,NA,No FAC
2021,S3600fbee,87,100,95,NA,NA,No FAC
2021,S9b147e36,79.38,90.75,57,NA,NA,No FAC
2021,Sc96eb017,67.63,56.13,60,NA,NA,No FAC
2021,S39b50070,84.5,69,72,NA,NA,No FAC
2021,Sd8f1c51c,64.75,NA,73,NA,NA,No FAC
2021,Sdd0e3dd9,65.38,NA,68,NA,NA,No FAC
2021,S4f3206f7,84.38,65.5,87,NA,NA,No FAC
2021,S5fd8b59e,97,100,94,NA,NA,No FAC
2021,S9aae2aca,97,100,97,NA,NA,No FAC
2021,Seb2a94a7,84,87,77,NA,67,FAC
2021,S9aed8e2a,80.75,62.75,64,NA,NA,No FAC
2021,S77b4dd00,100,NA,83,NA,NA,No FAC
2021,S6851ca87,85.75,92.5,58,NA,NA,No FAC
2021,Sf2f0f092,95,92,74,NA,NA,No FAC
2021,S0271b26e,0,70.25,81,NA,NA,No FAC
2021,Sab683402,100,90.5,92,NA,NA,No FAC
2021,S6ac6cc6e,87,81.75,21,NA,NA,No FAC
2021,S65d1d6fa,66,61.5,77,NA,64,FAC
2021,S19ab1960,97,NA,83,NA,NA,No FAC
2021,S3afd8c6b,100,100,79,NA,72,FAC
2021,Sdc9165e7,86.5,65.25,77,NA,85,FAC
2021,S9435fec1,77,94.5,85,NA,NA,No FAC
2021,Se577b41f,100,81.88,95,NA,NA,No FAC
2021,S5cab8f0b,90,97,82,NA,NA,No FAC
2021,Sc190ab0d,97,97,87,NA,NA,No FAC
2021,S543e8c2d,100,100,96,NA,NA,No FAC
2021,Sbf6cd5b7,74,46.75,62,NA,49,FAC
2021,Se041d611,78.38,74,76,NA,NA,No FAC
2021,Sf8d81f58,93.13,89.5,86,NA,NA,No FAC
2021,S521e37bf,34.38,51.38,63,NA,NA,No FAC
2021,Seeb2531d,80.25,70,75,NA,NA,No FAC
2021,S34abdaf2,92,100,80,NA,NA,No FAC
2021,S94234af3,88,87,70,NA,NA,No FAC
2021,S9b00da08,41.88,NA,77,NA,NA,No FAC
2021,Sa15e331d,97,93.13,NA,NA,NA,No FAC
2021,S640d1533,90.75,68,74,NA,NA,No FAC
2021,S42a90aea,100,97,75,NA,88,FAC
2021,S20bd972c,87.5,88.75,85,NA,NA,No FAC
2021,S87297b84,80.38,100,93,NA,NA,No FAC
2021,S205fa4ea,80,65.88,81,NA,NA,No FAC
2021,S3d5ab050,1.25,38.5,55,NA,NA,No FAC
2021,S6485de25,69.25,74.5,68,NA,NA,No FAC
2021,S30acd7f6,0,81.38,49,NA,NA,No FAC
2021,S4a1400a8,88.5,90.13,86,NA,NA,No FAC
2021,S929729ec,72,57,77,NA,59,FAC
2021,S675c8f18,70.88,82,91,NA,NA,No FAC
2021,Sed4d2847,92,95.38,81,NA,NA,No FAC
2021,S2099d8e6,67.75,45.25,72,NA,NA,No FAC
2021,S3c5ed434,66.5,64.5,73,NA,NA,No FAC
2021,S3d8f58ed,97.5,100,94,NA,NA,No FAC
2021,S37d02e00,91.38,94.38,92,NA,NA,No FAC
2021,S30fc0086,79.88,NA,NA,NA,70,FAC
2021,Sd6557fd9,83.25,76.25,72,NA,NA,No FAC
2021,S588c5d23,72.63,72.13,67,NA,NA,No FAC
2021,S0c68fd39,58.5,65.38,70,NA,NA,No FAC
2021,S7c19b123,96.38,97,80,NA,NA,No FAC
2021,Sfb54025d,80.75,79.63,77,NA,NA,No FAC
2021,Sb30591fd,82,67.5,61,NA,NA,No FAC
2021,S0a3a0c62,58.25,55.75,74,NA,NA,No FAC
2021,Sf698dacb,99.38,94.5,93,NA,NA,No FAC
2021,S9e758c76,81.5,75.25,78,NA,NA,No FAC
2021,S99362a2a,79.5,68.5,88,NA,78,FAC
2021,S0cbd6025,70.25,NA,71,NA,NA,No FAC
2021,S669173a7,100,90,89,NA,NA,No FAC
2021,S6a3916e0,93.75,85.75,89,NA,NA,No FAC
2021,S911f5572,80.75,86,82,NA,NA,No FAC
2021,S22ef0716,97,90,87,NA,NA,No FAC
2021,S5f4c8651,90,NA,89,NA,NA,No FAC
2021,S87d625d6,92.38,89.38,98,NA,NA,No FAC
2021,Seb3eae7a,84.5,80.5,88,NA,NA,No FAC
2021,S6c5e09e4,67.75,67.75,55,NA,NA,No FAC
2021,S74cb4869,53.5,57.5,65,NA,NA,No FAC
2021,S020a21cf,89.5,NA,NA,NA,NA,No FAC
2021,S578a539a,94.5,NA,NA,NA,75,FAC
2021,S7be3b8ef,56.5,56,61,NA,NA,No FAC
2021,S8cfa8733,33.75,26.38,61,NA,NA,No FAC
2021,S7ae36526,85.75,62.75,69,NA,83,FAC
2021,S4f425c32,75.88,NA,24,NA,49,FAC
2021,S070db9a4,89,98.38,87,NA,NA,No FAC
2021,Sb1108e0a,86.5,89.5,72,NA,NA,No FAC
2021,S4a0a78ed,57.75,74.5,62,NA,NA,No FAC
2021,S4c194aeb,88.88,85.75,74,NA,NA,No FAC
2021,Sf13c9cbf,78.13,74,67,NA,NA,No FAC
2021,S6320ace8,8.75,NA,51,NA,NA,No FAC
2021,Sc53ad465,82.63,62.63,69,NA,NA,No FAC
2021,Sc91d3169,85.25,81,78,NA,NA,No FAC
2021,Sd5a6f9e6,78.38,84.5,93,NA,NA,No FAC
2021,Sba083400,75.88,57,NA,NA,NA,No FAC
2021,S2610df04,88,100,96,NA,NA,No FAC
2021,S533a8ee7,75.13,NA,NA,NA,70,FAC
2021,S99456b4d,71.25,NA,NA,NA,68,FAC
2021,S9227f60d,82,94.38,83,NA,NA,No FAC
2021,Sfcf425b2,97,96.38,97,NA,NA,No FAC
2021,S0165563b,98.75,NA,NA,NA,NA,No FAC
2021,Sf682ae9b,83,NA,84,NA,NA,No FAC
2021,Sdd7d8dc3,64.5,NA,NA,NA,NA,No FAC
2021,Se0f484e4,90.5,100,92,NA,NA,No FAC
2021,Sabcb12dc,78.25,57.13,78,NA,76,FAC
2021,Sca5ecb53,81,28.75,68,NA,50,FAC
2021,See6e4d1d,94.38,90.25,82,NA,87,FAC
2021,Sc7e7e32c,95,85.75,86,NA,88,FAC
2021,S9722dd8e,92,97,75,NA,NA,No FAC
2021,S801bc876,90,94.38,86,NA,NA,No FAC
2021,S49100e8d,75.75,49.75,73,NA,73,FAC
2021,S8590dda8,92,52.5,67,NA,NA,No FAC
2021,S81a6530b,91.38,96.25,87,NA,NA,No FAC
2021,S4471a814,95,92.75,93,NA,NA,No FAC
2021,S4426f420,100,85.13,96,NA,NA,No FAC
2021,S966bf063,81.38,69.88,90,NA,NA,No FAC
2021,Sa1a7eda5,90,81,84,NA,NA,No FAC
2021,Sdb41ad75,81,82.5,90,NA,NA,No FAC
2021,S996da020,97.5,94,91,NA,NA,No FAC
2021,Sfc8821f6,85,73.5,71,NA,NA,No FAC
2021,S88329c75,77,78,73,NA,NA,No FAC
2021,S55e1b367,76.5,81.5,64,NA,NA,No FAC
2021,S28bbec98,68.5,56.5,66,NA,NA,No FAC
2021,S2df36ba3,81.38,40.5,69,NA,NA,No FAC
2021,Sbb0ed0f8,62.75,53.38,58,NA,NA,No FAC
2021,Sc9df3aa2,77,67.25,78,NA,NA,No FAC
2021,S255c5179,77.88,73.13,82,NA,NA,No FAC
2021,S3fcccaa6,90,83.75,82,NA,NA,No FAC
2021,S0ce8bc8d,78,83.75,80,NA,NA,No FAC
2021,Scb6dc1f4,73.38,NA,NA,NA,77,FAC
2021,S1cea0568,77,50.5,74,NA,NA,No FAC
2021,Sd64b1fb3,100,99.38,89,NA,NA,No FAC
2021,S98e92867,100,95.63,80,NA,99,FAC
2021,S5d0611ca,65.25,64.5,64,NA,NA,No FAC
2021,S2e3ec05a,95,95,86,NA,NA,No FAC
2021,S2fe963ee,81.25,NA,77,NA,NA,No FAC
2021,S1d7738fb,67.13,53.25,77,NA,NA,No FAC
2021,S3846074c,66.5,55,60,NA,NA,No FAC
2021,S27c7c908,73.88,69.88,75,NA,NA,No FAC
2021,S6e92dbfd,87,NA,79,NA,NA,No FAC
2021,S13e5f31f,100,92,96,NA,NA,No FAC
2021,Se3c6e3cf,92,86.25,96,NA,NA,No FAC
2021,S9da933a2,92,58.75,82,NA,99,FAC
2021,S702a3008,90.75,92.5,71,NA,NA,No FAC
2021,S5de67aa6,50.5,49.63,46,NA,NA,No FAC
2021,S2e95f2c5,100,100,97,NA,NA,No FAC
2021,S6ba0d40b,77.25,NA,NA,NA,NA,No FAC
2021,S1777ed21,92,89.75,92,NA,NA,No FAC
2021,S7c47a061,87,82,86,NA,78,FAC
2021,S1a9f6c21,80.75,75.5,74,NA,NA,No FAC
2021,Secea72d2,86.5,83.5,89,NA,NA,No FAC
2021,S6bddd782,85,68.13,70,NA,66,FAC
2021,Sba880015,54.13,43.75,63,NA,NA,No FAC
2021,Scb54a76f,83.13,81.13,70,NA,NA,No FAC
2021,S94185f99,81.63,NA,NA,NA,65,FAC
2021,S7456c7ad,100,83.25,90,NA,NA,No FAC
2021,S9aa8817b,86.88,90.75,NA,NA,NA,No FAC
2021,Sc92253c4,72.38,69,75,NA,NA,No FAC
2021,S35657549,95,82,75,NA,NA,No FAC
2021,S5b3bcbaf,72,65.75,47,NA,44,FAC
2021,Sab43cf96,88.5,85.75,84,NA,NA,No FAC
2021,Sa55c9435,95,95,86,NA,NA,No FAC
2021,Sf114d30e,82.5,67.88,87,NA,NA,No FAC
2021,S24991a63,81,75.5,89,NA,NA,No FAC
2021,Se548cc8d,92,100,67,NA,NA,No FAC
2021,Sa9b4dea0,70,NA,NA,NA,NA,No FAC
2021,Sa89532da,91,98.13,83,NA,NA,No FAC
2021,S0afa2aa2,92,95,97,NA,NA,No FAC
2021,Scf332f34,92,84,52,NA,NA,No FAC
2021,S268e4b62,57.88,NA,77,NA,50,FAC
2021,Sd0c4f725,87,79.75,73,NA,NA,No FAC
2021,S62429db0,90,NA,76,NA,NA,No FAC
2021,Sf8b54797,99,82.63,82,NA,NA,No FAC
2021,Sb917011e,97,95,96,NA,NA,No FAC
2021,S11fe2ada,55.25,NA,NA,NA,NA,No FAC
2021,S97421077,95,92,88,NA,NA,No FAC
2021,Sa2912b0c,65,83.88,75,NA,NA,No FAC
2021,S3e949cf8,92,100,94,NA,NA,No FAC
2021,S18016f18,87.88,NA,14,NA,NA,No FAC
2021,Sc67c5e55,53.5,62.5,30,NA,NA,No FAC
2021,S8a696a62,53.75,75.25,69,NA,63,FAC
2021,S6340485a,62.25,74,41,NA,NA,No FAC
2021,S73fe1322,77.5,NA,NA,NA,87,FAC
2021,Sd6dce19b,83.88,85.75,80,NA,NA,No FAC
2021,S4abe10d2,93.38,85,NA,NA,NA,No FAC
2021,S3a751987,17.5,87.5,74,NA,NA,No FAC
2021,Sbdd5c623,100,89,88,NA,NA,No FAC
2021,S6dcc2fae,92,71.88,90,NA,NA,No FAC
2021,S330baf84,94.5,82.88,83,NA,NA,No FAC
2021,S6f792a1d,88,76.38,95,NA,71,FAC
2021,S70236b22,82,73.5,85,NA,NA,No FAC
2021,Sf53d3a0a,61.63,47,67,NA,NA,No FAC
2021,S5bfa9f03,84.5,NA,NA,NA,88,FAC
2021,S897d6f88,82.75,86.88,76,NA,NA,No FAC
2021,S4895a63f,95,92,88,NA,NA,No FAC
2021,S6f84ecfc,100,96,94,NA,NA,No FAC
2021,S39bd6fe3,31.25,NA,NA,NA,NA,No FAC
2021,Sd8fdee3c,52,31,41,NA,51,FAC
2021,S9aeaa8f9,79,86.38,58,NA,NA,No FAC
2021,S9fb9e9e7,95,100,93,NA,NA,No FAC
2021,Se4a6c9bb,31.5,NA,51,NA,NA,No FAC
2021,Sb51f2e94,22.5,NA,18,NA,NA,No FAC
2021,Sc8e16949,81.38,86.88,84,NA,NA,No FAC
2021,S3e89d654,78.88,80.25,78,NA,NA,No FAC
2021,S0032b62b,95.13,NA,NA,NA,NA,No FAC
2021,S4db513fe,93.25,92,79,NA,NA,No FAC
2021,S2856961e,86.25,63,74,NA,NA,No FAC
2021,S4e3055d1,73.25,75.5,55,NA,NA,No FAC
2021,S4c193f4a,94.38,93.88,86,NA,NA,No FAC
2021,S3a2ecd77,95,NA,56,NA,65,FAC
2021,Sadff78d1,57,NA,NA,NA,NA,No FAC
2021,S8d1b3828,64.5,NA,71,NA,NA,No FAC
2021,Scb0398a6,90,100,99,NA,NA,No FAC
2021,Sdd1b5e33,50.75,46.75,67,NA,NA,No FAC
2021,Sbcf56b41,95,100,96,NA,NA,No FAC
2021,Sd7a9f1bc,78.75,49,87,NA,NA,No FAC
2021,S022813f1,76.5,NA,65,NA,NA,No FAC
2021,S808274b0,66,77.75,67,NA,NA,No FAC
2021,Se129e304,98.75,94.5,87,NA,NA,No FAC
2021,S5963156e,90,NA,NA,NA,NA,No FAC
2021,S8a207d67,80.88,92,90,NA,NA,No FAC
2021,S4ec1ae4c,90,95,87,NA,NA,No FAC
2021,S99a5a1d5,53.5,NA,NA,NA,NA,No FAC
2021,Sf54f0562,95,82.88,89,NA,NA,No FAC
2021,Sd3e36d07,95,NA,70,NA,NA,No FAC
2021,Se1a9d711,77.75,75.75,64,NA,NA,No FAC
2021,Sdd09e867,83.38,59,69,NA,87,FAC
2021,Sfffe23cf,97.5,85,92,NA,NA,No FAC
2021,Sc6363d6c,87,81.13,89,NA,NA,No FAC
2021,S4706ade0,83.88,67.5,74,NA,NA,No FAC
2021,Sdda49668,100,63.75,88,NA,NA,No FAC
2021,S34689c42,51.38,66.38,75,NA,NA,No FAC
2021,Sb77fcde9,88.88,98.75,74,NA,NA,No FAC
2021,S80d6a1a6,89.5,60.25,41,NA,48,FAC
2021,S26a00c86,76.88,73.88,71,NA,NA,No FAC
2021,Sa128adf7,76.5,83,NA,NA,100,FAC
2021,S8a7d86fa,79,67.5,28,NA,NA,No FAC
2021,Sf9378340,81.25,NA,NA,NA,85,FAC
2021,Sc2a7aa70,88.25,75.75,66,NA,NA,No FAC
2021,Sd5aa7122,86.5,57.38,66,NA,NA,No FAC
2021,Sfceba957,94.5,71.38,63,NA,NA,No FAC
2021,S3408c12b,85,62,66,NA,NA,No FAC
2021,S9307dda3,97.5,NA,NA,NA,84,FAC
2021,S190c5056,95,100,85,NA,NA,No FAC
2021,Se3c791a3,92.75,NA,NA,NA,NA,No FAC
2021,S79427a9f,78.25,79,78,NA,NA,No FAC
2021,Sb84d8926,95,85.75,96,NA,NA,No FAC
2021,S1569314f,89.38,NA,NA,NA,88,FAC
2021,Sbc10a662,82.88,56,77,NA,NA,No FAC
2021,Sbafa2752,88.5,85.25,81,NA,NA,No FAC
2021,S71d2d185,95,90.63,94,NA,NA,No FAC
2021,S95b3c56e,85,72,81,NA,NA,No FAC
2021,S49e32966,88.75,95,80,NA,NA,No FAC
2021,S549141ca,58.25,NA,82,NA,NA,No FAC
2021,Scb369dbb,94,95,93,NA,NA,No FAC
2021,S9e172841,75.5,82.38,80,NA,NA,No FAC
2021,S35f0079e,73.75,NA,NA,NA,NA,No FAC
2021,S2580e2ee,55.63,0,NA,NA,66,FAC
2021,S5fbfe91c,91,71.38,11,NA,NA,No FAC
2021,Sf1e11b91,89.5,NA,75,NA,71,FAC
2021,S4252a7a3,77,80.5,79,NA,NA,No FAC
2021,S07665e96,92.5,NA,NA,NA,NA,No FAC
2021,S00b42b9f,76,NA,64,NA,NA,No FAC
2021,S060ab1d3,77.88,60,72,NA,NA,No FAC
2021,S01e1d993,100,100,98,NA,NA,No FAC
2021,S7af599b2,79.5,79,82,NA,NA,No FAC
2021,S7663fa68,61,63.25,NA,NA,NA,No FAC
2021,S4465e768,78.5,NA,88,NA,NA,No FAC
2021,S33b677d3,100,82.75,97,NA,NA,No FAC
2021,Sbd0d3107,45,61.5,54,NA,NA,No FAC
2021,Sc0565432,95,98.75,90,NA,NA,No FAC
2021,S802253f3,82,NA,NA,NA,NA,No FAC
2021,Sbbfe7e31,90,89.5,85,NA,NA,No FAC
2021,Sb6af50a1,63.75,64,86,NA,NA,No FAC
2021,Se50e2770,97,95,74,NA,NA,No FAC
2021,S4f6c8956,75,60,81,NA,NA,No FAC
2021,S22bc4f18,67.5,62.5,84,NA,NA,No FAC
2021,Sbd2f87e5,89,67.63,80,NA,NA,No FAC
2021,Sb8c2c974,80,51,77,NA,68,FAC
2021,S4d5c5619,87.5,83.13,78,NA,NA,No FAC
2021,S169f649e,92,81.25,78,NA,72,FAC
2021,S70c1fb00,81.38,57.5,74,NA,NA,No FAC
2021,S9cd7ec7f,87.75,NA,80,NA,NA,No FAC
2021,S3b973bf2,96.25,82,79,NA,NA,No FAC
2021,Sd215cc74,79,NA,78,NA,63,FAC
2021,S90fc6af5,95.13,92,83,NA,NA,No FAC
2021,S4304942b,51.5,100,82,NA,54,FAC
2021,S563f4245,88.88,78.75,74,NA,NA,No FAC
2021,S7d1633f6,86.88,91.75,84,NA,NA,No FAC
2021,S00ce8809,99.38,97.5,83,NA,NA,No FAC
2021,S05967f2f,88,79.75,74,NA,NA,No FAC
2021,Secc1495f,97,92,71,NA,NA,No FAC
2021,Sce66f663,90.75,95,75,NA,NA,No FAC
2021,Sea1c4dee,95.5,95,77,NA,NA,No FAC
2021,S6143c8c4,97,69.25,86,NA,100,FAC
2021,S2d19c49b,47.75,51.25,59,NA,NA,No FAC
2021,S28bf9b5f,84,74.5,90,NA,NA,No FAC
2021,S54124945,72.25,82.75,73,NA,NA,No FAC
2021,S4ce8fbc0,65.63,NA,39,NA,NA,No FAC
2021,S69b6e13a,88.13,58,67,NA,NA,No FAC
2021,Sbc208d8f,64.75,NA,59,NA,NA,No FAC
2021,S56c01c17,80.25,57,78,NA,62,FAC
2021,Sfdfa1512,75.25,77.63,69,NA,NA,No FAC
2021,S1c08f6b7,73.25,NA,NA,NA,NA,No FAC
2021,S25237ffb,37.5,NA,4,NA,51,FAC
2021,S7c109fa8,78.25,72.63,55,NA,17,FAC
2021,Sbf164b26,85.63,75.25,83,NA,NA,No FAC
2021,S06e783f3,72.5,57,75,NA,NA,No FAC
2021,S09b268d3,87,68.25,82,NA,NA,No FAC
2021,S35eb248a,85.25,81.5,74,NA,NA,No FAC
2021,Sbf3e8c28,66,92,NA,NA,NA,No FAC
2021,S41376dc1,75,85,78,NA,NA,No FAC
2021,S4ab4d486,73.63,50,65,NA,64,FAC
2021,Sff40a4ff,92,97,94,NA,NA,No FAC
2021,Sf96468aa,86.25,74.25,69,NA,NA,No FAC
2021,Se29065ff,59.75,63.75,49,NA,NA,No FAC
2021,S902d5818,88.88,NA,68,NA,NA,No FAC
2021,S0176521a,85,72.25,83,NA,78,FAC
2021,S14e5e5ef,69.63,26,10,NA,0,FAC
2021,S434a98fa,71.38,58,87,NA,NA,No FAC
2021,S0694e5ac,77,76.63,81,NA,NA,No FAC
2021,S4c085ec6,90,89,83,NA,NA,No FAC
2021,S8bb7da5a,87,92,76,NA,NA,No FAC
2021,S2f2334c2,82.63,85.75,87,NA,NA,No FAC
2021,Se6bdca58,76.38,NA,63,NA,NA,No FAC
2021,S6ae331d1,88.25,69.75,84,NA,NA,No FAC
2021,S0f40f81e,73.75,NA,69,NA,NA,No FAC
2021,S34ec07a6,71,78.75,64,NA,NA,No FAC
2021,Sc0eb1286,67.5,NA,75,NA,NA,No FAC
2021,S45069728,85.88,73.88,88,NA,NA,No FAC
2021,S7ec1c704,88.88,75.88,76,NA,NA,No FAC
2021,S223e23a7,90.75,94.38,72,NA,NA,No FAC
2021,S55337d09,84.75,88.38,88,NA,NA,No FAC
2021,S81ef5252,69,45.5,77,NA,NA,No FAC
2021,S424011f7,84.63,NA,NA,NA,NA,No FAC
2021,Se12824d0,75.63,NA,72,NA,NA,No FAC
2021,S1caac1f8,98.75,89.5,92,NA,NA,No FAC
2021,S81e34475,89,96,93,NA,NA,No FAC
2021,Sf6feaadf,89,NA,73,NA,NA,No FAC
2021,S10be863b,92,85.5,72,NA,NA,No FAC
2021,Se286f4e5,75.25,NA,NA,NA,NA,No FAC
2021,Se3b51b73,91.25,98.75,79,NA,NA,No FAC
2021,S6c4932a4,92.5,NA,85,NA,87,FAC
2021,Sbcc91e2d,95.75,94.5,84,NA,NA,No FAC
2021,S21848f9a,87.13,83,78,NA,NA,No FAC
2021,Sa12b4728,90,95,89,NA,NA,No FAC
2021,Sc67362b4,69,69.5,72,NA,NA,No FAC
2021,S299ced86,44.5,73.5,79,NA,NA,No FAC
2021,S3ed8b351,74,77,72,NA,NA,No FAC
2021,S52d96956,84,75.25,87,NA,NA,No FAC
2021,S0cfcbb57,81.63,79.63,67,NA,NA,No FAC
2021,S1c247969,91.75,67,85,NA,69,FAC
2021,S0180b043,81.5,NA,95,NA,NA,No FAC
2021,S774e7be7,67.25,71.38,64,NA,NA,No FAC
2021,Scf49391a,87.63,86.38,73,NA,NA,No FAC
2021,S1d564f9d,72,NA,NA,NA,NA,No FAC
2021,S286b0ffd,54,NA,NA,NA,NA,No FAC
2021,Sef29ee64,51.75,NA,60,NA,12,FAC
2021,Sb4a9158d,97,83,96,NA,100,FAC
2021,Sccd281bc,87,78.75,82,NA,NA,No FAC
2021,S9691b1a5,5,38,45,NA,NA,No FAC
2021,S90b9e368,88.75,72.63,80,NA,NA,No FAC
2021,S543ca126,72.75,NA,80,NA,NA,No FAC
2021,Sf64ad4bc,76,NA,68,NA,50,FAC
2021,S1a5384f0,100,81.25,97,NA,88,FAC
2021,Sb8e78f00,49,NA,NA,NA,NA,No FAC
2021,S8b299879,62.75,43,59,NA,NA,No FAC
2021,Sdfd61504,90,84,74,NA,NA,No FAC
2021,S928c2fd0,53.75,72.25,71,NA,NA,No FAC
2021,S125a8570,61.25,66.25,70,NA,NA,No FAC
2021,Sba25f8d6,57.5,NA,NA,NA,NA,No FAC
2021,S68875a65,30.13,NA,NA,NA,3,FAC
2021,Sb8500393,67,76.25,75,NA,NA,No FAC
2021,S4c564f84,67,NA,NA,NA,NA,No FAC
2021,S4c0deed5,84,77,79,NA,NA,No FAC
2021,S8c967bd5,78.25,74.88,53,NA,NA,No FAC
2021,S39ff16e8,100,93.88,80,NA,NA,No FAC
2021,S4701e6bd,95,100,62,NA,NA,No FAC
2021,S9d2138ad,87,90,88,NA,NA,No FAC
2021,S860e0358,61.25,53,59,NA,NA,No FAC
2021,Sd8e86694,85.13,90.75,89,NA,NA,No FAC
2021,S098fb7e5,70.25,73.25,77,NA,NA,No FAC
2021,S02ae23d2,76.25,NA,82,NA,NA,No FAC
2021,S9ff377c0,83.25,NA,69,NA,NA,No FAC
2021,S185f0bfb,32,29.5,48,NA,NA,No FAC
2021,S7eb421b1,89,83.88,77,NA,71,FAC
2021,Sfa5d79a0,87,80.38,86,NA,NA,No FAC
2021,S6a06c1f5,92,57,86,NA,98,FAC
2021,S8b78eb20,96.38,89,91,NA,NA,No FAC
2021,S11e6d065,93.25,96.38,88,NA,NA,No FAC
2021,Sc7c995ac,97.5,90.5,74,NA,NA,No FAC
2021,S37d7dc86,85,NA,78,NA,NA,No FAC
2021,Scdc55a32,72.75,89,84,NA,99,FAC
2021,Sc0ba9cc1,76.5,NA,61,NA,NA,No FAC
2021,Sbffd566b,88.13,77.5,88,NA,NA,No FAC
2021,S31739d1d,73.25,NA,75,NA,NA,No FAC
2021,S87266c3e,68.38,NA,69,NA,NA,No FAC
2021,Sa705eccd,85.13,80.38,73,NA,NA,No FAC
2021,Sf09bbfe8,92,84.5,85,NA,NA,No FAC
2021,Sae955474,46,61.75,76,NA,NA,No FAC
2021,S7d0727db,97,95,85,NA,NA,No FAC
2021,S94ac0aa1,41.88,NA,69,NA,NA,No FAC
2021,Sd6421600,95.75,NA,94,NA,NA,No FAC
2021,Sd555c851,90.75,NA,84,NA,NA,No FAC
2021,Se03b2b7d,88.5,62.75,57,NA,NA,No FAC
2021,S0f64e92e,81,67.25,81,NA,NA,No FAC
2021,S714fa14f,72,NA,65,NA,NA,No FAC
2021,S5e153c80,95,96,86,NA,NA,No FAC
2021,S8d7c0924,95,89,73,NA,NA,No FAC
2021,S354f4909,70.5,72.88,68,NA,NA,No FAC
2021,S79ed613d,79,44.5,71,NA,58,FAC
2021,S3c11d15b,65,NA,68,NA,NA,No FAC
2021,S32dd079e,97,82.75,87,NA,NA,No FAC
2021,Sd56ac562,93.75,91.5,78,NA,NA,No FAC
2021,Saade1734,71.38,NA,77,NA,NA,No FAC
2021,S72c22907,100,100,96,NA,NA,No FAC
2021,Sf49e78c6,96,90.75,94,NA,NA,No FAC
2021,Sb656c6bf,57,66.5,67,NA,NA,No FAC
2021,S4c6afaf1,86,62.75,59,NA,65,FAC
2021,S89cfc398,94,84,77,NA,NA,No FAC
2021,Sac93e025,77.5,NA,NA,NA,76,FAC
2021,S93f30ade,93.75,87,84,NA,NA,No FAC
2021,S37c32a21,87.25,NA,NA,NA,NA,No FAC
2021,Sf89d56dc,84.5,NA,87,NA,NA,No FAC
2021,Sbb092e1d,92,NA,79,NA,NA,No FAC
2021,Sc9808fc9,95,97.5,92,NA,NA,No FAC
2021,S45c18167,61.38,87.5,69,NA,NA,No FAC
2021,Sa4b15087,100,97,64,NA,NA,No FAC
2021,S47bf9c93,70.88,66,71,NA,NA,No FAC
2021,Sf88a4aa4,78.25,54,76,NA,NA,No FAC
2021,S53ad97ee,97,77.75,92,NA,100,FAC
2021,S5a0a8ffe,10,66.5,59,NA,14,FAC
2021,S4019dcb7,65.38,45,70,NA,59,FAC
2021,S56e4d701,62,NA,79,NA,68,FAC
2021,S2e6c7287,83,73.25,89,NA,NA,No FAC
2021,S9d1166e1,70,71,73,NA,NA,No FAC
2021,S39bf2f66,81,84,81,NA,NA,No FAC
2021,S33df7380,94,86.88,74,NA,NA,No FAC
2021,Sfc9bce95,95,97,77,NA,NA,No FAC
2021,Sf17a8a5c,81.5,66.5,77,NA,NA,No FAC
2021,Sa459f9ef,84,50,60,NA,12,FAC
2021,Sb595e3d2,87,84,81,NA,NA,No FAC
2021,S7947bf2d,80.75,NA,81,NA,NA,No FAC
2021,S817eec89,84,73.25,78,NA,96,FAC
2021,Sdfec9523,87,NA,NA,NA,NA,No FAC
2021,S4b81b589,30,NA,75,NA,NA,No FAC
2021,S0c7c5907,85.63,94.38,83,NA,NA,No FAC
2021,S98f3ffd3,70.88,49.5,68,NA,50,FAC
2021,Sa6ecfc5c,80.25,71.5,85,NA,79,FAC
2021,S05facb6f,75,65.5,73,NA,NA,No FAC
2021,S640f8d80,65.75,82.75,70,NA,NA,No FAC
2021,Sd0ebe785,84.25,NA,NA,NA,NA,No FAC
2021,Se0de9f9c,89,NA,NA,NA,80,FAC
2021,Scbff2048,87,92,96,NA,NA,No FAC
2021,S1160a8e0,73.75,43.5,66,NA,61,FAC
2021,S099e002c,84,42,81,NA,NA,No FAC
2021,S9d0306f0,72.25,76,69,NA,NA,No FAC
2021,S33865c3e,51.25,NA,NA,NA,NA,No FAC
2021,Sa725ff9b,66.5,62.75,69,NA,65,FAC
2021,S1bc8fb80,81.25,63,71,NA,NA,No FAC
2021,Sc005549a,90,NA,82,NA,NA,No FAC
2021,Se0da1926,71,79.5,91,NA,NA,No FAC
2021,S79dc6646,85.75,NA,NA,NA,62,FAC
2021,S8902c9b5,67.5,67,77,NA,NA,No FAC
2021,S14a594c7,82,65,74,NA,NA,No FAC
2021,S03266584,66.25,NA,53,NA,NA,No FAC
2021,S4df4d0a3,91.13,78.25,80,NA,NA,No FAC
2021,Se8e39edc,57.5,NA,NA,NA,NA,No FAC
2021,S172ff626,81.5,NA,NA,NA,NA,No FAC
2021,S52823b6a,82,76.25,85,NA,NA,No FAC
2021,S24e6f4f8,89,80.75,75,NA,NA,No FAC
2021,S5dd4dfa4,91.5,53.25,84,NA,86,FAC
2021,Se5bde333,74.5,60.25,69,NA,NA,No FAC
2021,S5c0a75a3,66.25,NA,73,NA,NA,No FAC
2021,S319423cf,95.75,99,87,NA,NA,No FAC
2021,Sfd490b77,85,87,83,NA,NA,No FAC
2021,Sbba01ad2,97,90.75,72,NA,NA,No FAC
2021,S51b5a4f4,71.13,77.63,70,NA,NA,No FAC
2021,Sd1652139,66.25,74.75,77,NA,NA,No FAC
2021,S4a4edde6,63.13,66.75,62,NA,NA,No FAC
2021,S0797715e,40.88,NA,77,NA,NA,No FAC
2021,S22f4012a,55.75,NA,NA,NA,NA,No FAC
2021,Sfcedbb3d,59,35,74,NA,NA,No FAC
2021,S01492a88,97,85.63,96,NA,NA,No FAC
2021,S57cc0ddf,62.5,NA,NA,NA,NA,No FAC
2021,Sedf4cf71,68,NA,69,NA,50,FAC
2021,S28eca6f0,81.88,86.25,71,NA,NA,No FAC
2021,S809f2840,30,NA,62,NA,NA,No FAC
2021,Sbf0254d3,36.25,NA,52,NA,NA,No FAC
2021,S66f96665,82,97.5,79,NA,NA,No FAC
2021,S8d259322,76.5,NA,67,NA,NA,No FAC
2021,S7b28c355,90.75,91.38,41,NA,NA,No FAC
2021,S5c75c9a1,77.5,42,0,NA,49,FAC
2021,S40fbef71,47.13,36.5,59,NA,NA,No FAC
2021,Scd361e24,89,58.5,82,NA,72,FAC
2021,S4aa5c0ab,85.75,74,69,NA,NA,No FAC
2021,Se2c72f97,92,92.13,67,NA,NA,No FAC
2021,S3012d879,97,97,79,NA,NA,No FAC
2021,S9b2855a0,98.13,87.25,65,NA,NA,No FAC
2021,Sa1cff404,97,NA,94,NA,NA,No FAC
2021,S72827f17,100,100,99,NA,NA,No FAC
2021,S9bede828,90,NA,66,NA,NA,No FAC
2021,S0f8a4470,85,68.13,77,NA,NA,No FAC
2021,Sa494e59e,76.5,NA,NA,NA,NA,No FAC
2021,S2d887623,88.88,71,83,NA,79,FAC
2021,Sdda6bb63,67,29.5,61,NA,NA,No FAC
2021,S9562a979,79.38,66.88,70,NA,NA,No FAC
2021,Sbc415d84,58.38,58.25,61,NA,NA,No FAC
2021,Sccbe08fb,95.25,84.13,84,NA,NA,No FAC
2021,Sfa1dab6c,66,NA,78,NA,NA,No FAC
2021,Sb6be312d,95.75,94.5,88,NA,NA,No FAC
2021,S32e27f0c,77.13,72.13,74,NA,NA,No FAC
2021,Sc215ed22,100,100,94,NA,NA,No FAC
2021,Sc0a46e2b,94,75,97,NA,NA,No FAC
2021,Sa78a47dd,82,48.75,82,NA,NA,No FAC
2021,Se9871e0a,90,78.38,82,NA,NA,No FAC
2021,S5e9cdb00,67.75,24.5,26,NA,13,FAC
2021,Sc58542c4,98.13,85,87,NA,NA,No FAC
2021,S01dd87a4,82,87,77,NA,NA,No FAC
2021,S18286fc2,68.5,53.25,67,NA,NA,No FAC
2021,S0728cca4,65,77.5,74,NA,NA,No FAC
2021,S6c0033fd,61.88,NA,51,NA,NA,No FAC
2021,S1da51dd7,65.88,65,57,NA,NA,No FAC
2021,S159545db,81,73.75,74,NA,NA,No FAC
2021,S8cdae1c4,65,77.5,53,NA,NA,No FAC
2021,S9cb339df,97,NA,85,NA,NA,No FAC
2021,S77635200,76.13,74.63,80,NA,NA,No FAC
2021,Safbeecca,84.5,87.75,72,NA,NA,No FAC
2021,Se1b8b69d,71,92,45,NA,NA,No FAC
2021,Sd20846c1,88.38,83.75,85,NA,NA,No FAC
2021,S3d730b41,91,82.75,89,NA,NA,No FAC
2021,S58e9661c,76.75,NA,NA,NA,69,FAC
2021,Sa2ac2c0c,65.13,NA,74,NA,NA,No FAC
2021,Seaf8a038,95,NA,98,NA,88,FAC
2021,S6274c9b9,85.25,77.63,80,NA,NA,No FAC
2021,S74bc1d34,87.5,88.75,69,NA,NA,No FAC
2021,Sa5d19a91,92,NA,81,NA,NA,No FAC
2021,S44a3dfa1,47.5,92,70,NA,NA,No FAC
2021,S48f5083b,62,83.13,82,NA,NA,No FAC
2021,Sf6b5bb8a,84,NA,84,NA,NA,No FAC
2021,S40ab3801,67.5,51.75,66,NA,0,FAC
2021,Sb89af75b,70.5,NA,NA,NA,NA,No FAC
2021,Sd96b94ea,74,NA,84,NA,NA,No FAC
2021,S7a2df075,53,NA,76,NA,NA,No FAC
2021,S6ecaf38e,63.75,69.5,46,NA,NA,No FAC
2021,Sae884e51,100,74,83,NA,97,FAC
2021,Sc068270e,97,88.38,89,NA,NA,No FAC
2021,Sd0f29058,88.88,NA,NA,NA,98,FAC
2021,Se9aa6917,60.63,NA,NA,NA,NA,No FAC
2021,S22ae4287,89.38,NA,NA,NA,NA,No FAC
2021,Sced953b6,79,82.75,65,NA,NA,No FAC
2021,Sd0bd0bd4,95,76.38,68,NA,NA,No FAC
2021,Sc961f534,50.75,39,68,NA,48,FAC
2021,S605097e0,82.63,NA,NA,NA,NA,No FAC
2021,S9b62a87a,84.5,NA,71,NA,NA,No FAC
2021,S8eb7c516,72.25,53.5,64,NA,NA,No FAC
2021,Sde09d923,88.25,79,72,NA,NA,No FAC
2021,S85fbbc56,72,76.25,51,NA,NA,No FAC
2021,Sfc56779e,5,NA,NA,NA,NA,No FAC
2021,S448edd1d,44.75,NA,NA,NA,NA,No FAC
2021,S6ff1b392,72,NA,86,NA,NA,No FAC
2021,S7314bc1a,61.5,NA,NA,NA,NA,No FAC
2021,Sf07a1f33,69.13,NA,58,NA,NA,No FAC
2021,S8846dcf9,88.88,94.5,71,NA,NA,No FAC
2021,Sf2b22a7d,69.63,NA,NA,NA,NA,No FAC
2021,S18e9988a,40.75,52.5,51,NA,NA,No FAC
2021,S3ecf9e4d,87.88,75.38,NA,NA,NA,No FAC
2021,S26028212,68.25,73.5,66,NA,NA,No FAC
2021,Sc1c29f1c,89,78.5,89,NA,NA,No FAC
2021,Safff5a36,91.25,73,72,NA,NA,No FAC
2021,Saabe8627,85,97,92,NA,NA,No FAC
2021,S47bdc439,39.5,NA,NA,NA,NA,No FAC
2021,S03d4b6cf,67.5,77.25,73,NA,NA,No FAC
2021,Se7873452,66.25,45,68,NA,47,FAC
2021,S63b0eaf0,88.13,90,88,NA,NA,No FAC
2021,Sf005daf3,57,42,76,NA,NA,No FAC
2021,Se16d5e20,70.75,NA,NA,NA,NA,No FAC
2021,Sea287c4a,81.38,60,78,NA,69,FAC
2021,S2f020b02,95,90,67,NA,NA,No FAC
2021,S5a92f4ec,78.25,92,83,NA,NA,No FAC
2021,Sdbd53d5e,43,NA,51,NA,NA,No FAC
2021,S040b1c46,87,79.13,74,NA,NA,No FAC
2021,Sd777a14a,56.38,NA,NA,NA,NA,No FAC
2021,Sa206ace6,94.5,93.25,91,NA,NA,No FAC
2021,S80756c3a,89,95.75,92,NA,88,FAC
2021,S11746f23,81.63,79.5,87,NA,NA,No FAC
2021,S94a153ed,86.38,78.75,92,NA,NA,No FAC
2021,S6f8ff920,74.5,46.5,61,NA,52,FAC
2021,Sdcaa3448,73.25,86.25,92,NA,NA,No FAC
2021,Sef172483,100,99.38,91,NA,NA,No FAC
2021,Sc2fa3210,62.38,91.88,73,NA,NA,No FAC
2021,Sf5ce4d68,55,NA,NA,NA,NA,No FAC
2021,S0e847aa3,77,NA,51,NA,55,FAC
2021,Sb30b57cf,85.88,87.25,57,NA,NA,No FAC
2021,S154caf0d,89.5,78,81,NA,NA,No FAC
2021,S8ee365a1,94,84.5,59,NA,71,FAC
2021,S9754ece3,66,NA,NA,NA,NA,No FAC
2021,S18d2362b,87,NA,70,NA,NA,No FAC
2021,S99deddb8,64.5,76.88,58,NA,NA,No FAC
2021,Sd089648a,100,95,90,NA,NA,No FAC
2021,Se12adf9e,64.75,55,80,NA,64,FAC
2021,S0f3bd4fa,30,49.5,44,NA,10,FAC
2021,Sd4317580,69.75,75,68,NA,NA,No FAC
2021,S23b70fb2,88.5,88.88,71,NA,NA,No FAC
2021,S4b31eeb4,80.75,63.5,52,NA,NA,No FAC
2021,S56e9546b,89.38,NA,NA,NA,NA,No FAC
2021,S6e6b5bbf,73,67,61,NA,58,FAC
2021,S9e093d8a,83,NA,80,NA,NA,No FAC
2021,S51bf60a0,87,NA,85,NA,NA,No FAC
2021,S72cc2d3c,62.63,NA,NA,NA,NA,No FAC
2021,S06800934,95,NA,90,NA,NA,No FAC
2021,S09a189c3,57,NA,NA,NA,NA,No FAC
2021,Se643a0b3,0,NA,73,NA,NA,No FAC
2021,Sad86e5cd,79,NA,86,NA,NA,No FAC
2021,S6f4bdd86,86.25,80.25,80,NA,NA,No FAC
2021,S87741299,87.5,89,83,NA,NA,No FAC
2021,S3a4aad6f,25.88,NA,49,NA,NA,No FAC
2021,S2888c6e8,71,NA,56,NA,NA,No FAC
2021,Saf3c04a9,79,73.38,75,NA,NA,No FAC
2021,S4fb85552,76.75,85.38,82,NA,NA,No FAC
2021,S12a366cf,87.5,78,86,NA,NA,No FAC
2021,Sc5b668b4,77.5,NA,40,NA,NA,No FAC
2021,S6e0f06a0,61.25,NA,73,NA,NA,No FAC
2021,S630a8887,85.13,77.13,64,NA,NA,No FAC
2021,Saa83413e,64.63,NA,82,NA,NA,No FAC
2021,Sb6b71fa6,87,NA,55,NA,NA,No FAC
2021,Sab181b66,80.75,48.63,NA,NA,NA,No FAC
2021,S4b71ea3d,73.75,NA,68,NA,NA,No FAC
2021,S13e33943,49,NA,81,NA,NA,No FAC
2021,S7cdb7af1,92.5,90,28,NA,NA,No FAC
2021,S080a6af6,87,75,87,NA,NA,No FAC
2021,Sd9552bac,97,94.38,82,NA,NA,No FAC
2021,Sbc51109e,62.75,NA,NA,NA,NA,No FAC
2021,S06bbbfba,78.38,NA,NA,NA,NA,No FAC
2021,S290bf8ec,85.88,NA,70,NA,NA,No FAC
2021,S62a1392b,20.75,NA,48,NA,NA,No FAC
2021,S9eabdc80,85,63.75,88,NA,69,FAC
2021,Sd96cf88f,95,NA,92,NA,NA,No FAC
2021,S156a30d2,86.5,NA,70,NA,NA,No FAC
2021,S8a6b8903,95,NA,NA,NA,NA,No FAC
2021,Sd27d893f,76.5,NA,NA,NA,NA,No FAC
2021,S9c5d0601,91.38,83.75,96,NA,NA,No FAC
2021,S91e2d756,70,54.25,71,NA,NA,No FAC
2021,Sdf603fae,87.5,NA,69,NA,NA,No FAC
2021,S2378a02b,88.88,NA,67,NA,0,FAC
2021,S122c1b9a,78.25,82,8,NA,NA,No FAC
2021,S52801661,66,56.25,70,NA,NA,No FAC
2021,S54d71f8f,46.38,NA,47,NA,NA,No FAC
2021,Se5932c68,73.75,75.63,47,NA,NA,No FAC
2021,Sdc20ab97,77,NA,77,NA,NA,No FAC
2021,Scc6a9c59,87.13,NA,73,NA,NA,No FAC
2021,S0fe79400,67.75,59.25,62,NA,NA,No FAC
2021,S1d28052f,74.75,NA,76,NA,NA,No FAC
2021,Se5c1b5ee,65.38,62,51,NA,NA,No FAC
2021,Sbcc2cbe8,83.88,72,79,NA,NA,No FAC
2021,Sd8a3619d,49,5,63,NA,NA,No FAC
2021,Sf6093aea,85.88,89.38,75,NA,NA,No FAC
2021,Seda113d9,58,NA,NA,NA,NA,No FAC
2021,S926269cc,63.25,62.75,60,NA,NA,No FAC
2021,S31ed6a86,81,67.88,84,NA,NA,No FAC
2021,S2f9415c6,82,89.5,76,NA,NA,No FAC
2021,S12efd785,92.75,88.75,91,NA,NA,No FAC
2021,S63bc03d9,85.38,NA,68,NA,NA,No FAC
2021,S6246bafe,84.5,NA,86,NA,NA,No FAC
2021,Sd7a9841d,57.5,NA,62,NA,5,FAC
2021,S1ce3ccc2,68.38,NA,69,NA,NA,No FAC
2021,S7fcad954,87.5,78.25,86,NA,NA,No FAC
2021,S773e377e,95,NA,0,NA,NA,No FAC
2021,Sc8892e12,66,71.5,73,NA,NA,No FAC
2021,Sa03fe89a,81,84,84,NA,NA,No FAC
2021,S2dcba911,10,NA,47,NA,NA,No FAC
2021,S8c053e40,NA,86.75,74,NA,NA,No FAC
2021,Sdb4b2187,NA,39.13,43,NA,NA,No FAC
2021,S9f4b1f84,NA,61.88,NA,NA,59,FAC
2021,S4265c713,NA,55,81,NA,NA,No FAC
2021,S6a11c7b2,NA,87,33,NA,19,FAC
2021,S0e4351eb,NA,59.5,NA,NA,54,FAC
2021,Scb112ef2,NA,79,90,NA,NA,No FAC
2021,Scee1e6b5,NA,63.25,84,NA,NA,No FAC
2021,S83f4c331,NA,53.5,0,NA,NA,No FAC
2021,S1272731a,NA,19,33,NA,48,FAC
2021,S585780c1,NA,57.5,66,NA,NA,No FAC
2021,Sf0621892,NA,96,84,NA,NA,No FAC
2021,S24a56f0f,NA,71.25,65,NA,NA,No FAC
2021,S32c948e2,NA,40.63,43,NA,44,FAC
2021,Sa8ce1b34,NA,33.75,NA,NA,73,FAC
2021,Sa64c53a0,NA,84.5,77,NA,NA,No FAC
2021,Sb656d0e3,NA,48.63,64,NA,NA,No FAC
2021,S0f031648,NA,82.5,NA,NA,86,FAC
2021,S7fa6cef0,NA,69,NA,NA,48,FAC
2021,S4a4fce67,NA,66.25,84,NA,NA,No FAC
2021,Sd5e74169,NA,71.88,24,NA,NA,No FAC
2021,S181c900c,NA,58.25,51,NA,NA,No FAC
2021,Sb56eb385,NA,73.25,44,NA,NA,No FAC
2021,Se8fe61c8,NA,50,30,NA,NA,No FAC
2021,Sbfbd6fe5,NA,67.25,NA,NA,65,FAC
2021,Sda839e46,NA,66.88,76,NA,NA,No FAC
2021,S0a0b361e,NA,44,0,NA,NA,No FAC
2021,S11e2a9d1,NA,6,55,NA,NA,No FAC
2021,S4ed57fd3,NA,71.75,0,NA,NA,No FAC
2021,S7bfe47fb,NA,80,74,NA,NA,No FAC
2021,S0c4914bc,NA,57.75,NA,NA,60,FAC
2021,Sa5a1004d,NA,88.75,89,NA,NA,No FAC
2021,S8b81ab7b,NA,90.25,83,NA,NA,No FAC
2021,S0c5dc523,NA,41.5,16,NA,0,FAC
2021,S3a50bac2,NA,68,63,NA,NA,No FAC
2021,Sbace8815,NA,42.88,NA,NA,47,FAC
2021,Sc2a37c43,NA,77,68,NA,NA,No FAC
2021,S07921708,NA,89.38,0,NA,NA,No FAC
2021,Sb3d24c64,NA,75.25,71,NA,NA,No FAC
2021,S7cb5fb95,NA,78.25,98,NA,NA,No FAC
2021,Sba0c9bf1,NA,89,97,NA,NA,No FAC
2021,S14336141,NA,59.88,24,NA,NA,No FAC
2021,S7fbc45ae,NA,62,NA,NA,NA,No FAC
2021,Saebff6d7,NA,53.38,NA,NA,61,FAC
2021,S2bf1708f,NA,63.38,64,NA,NA,No FAC
2021,S54f07a83,NA,52,NA,NA,56,FAC
2021,Sff8cf7e5,NA,66.38,72,NA,NA,No FAC
2021,Se245956d,NA,65.25,56,NA,NA,No FAC
2021,S7bb71858,NA,84,72,NA,NA,No FAC
2021,S56803fa6,NA,76.75,38,NA,NA,No FAC
2021,Se59e8459,NA,85,68,NA,NA,No FAC
2021,S19f154be,NA,32,48,NA,NA,No FAC
2021,Sd8b6b9bc,NA,71,69,NA,NA,No FAC
2021,S00100eba,NA,100,88,NA,NA,No FAC
2021,S03e211ab,NA,73.25,17,NA,NA,No FAC
2021,S2d1f880b,NA,100,0,NA,NA,No FAC
2021,Seaffe706,NA,41.38,63,NA,65,FAC
2021,Sa757fdf4,NA,60.88,61,NA,NA,No FAC
2021,S10a42a5d,NA,51.25,0,NA,11,FAC
2021,Sa28a2d30,NA,51.5,NA,NA,76,FAC
2021,Sbd771a2e,NA,68,75,NA,NA,No FAC
2021,Sb37dbc84,NA,87,63,NA,NA,No FAC
2021,S1b35275e,NA,77.25,64,NA,NA,No FAC
2021,S7950f1cc,NA,50.75,42,NA,NA,No FAC
2021,S2910ac49,NA,70.75,62,NA,NA,No FAC
2021,Sb8b29dc2,NA,93.5,81,NA,NA,No FAC
2021,S0652fa5d,NA,82.75,59,NA,NA,No FAC
2021,S7ccacd38,NA,52.63,NA,NA,71,FAC
2021,S416e7d68,NA,33,NA,NA,NA,No FAC
2021,S88a0040b,NA,61,76,NA,NA,No FAC
1819,Sb2e04dcb,NA,NA,0,13,NA,No FAC
1819,Sc156570e,NA,NA,NA,16,NA,No FAC
1819,S35cb77ca,NA,NA,79,56,NA,No FAC
1819,S420eac10,NA,NA,71,NA,NA,No FAC
1819,S4b385421,NA,NA,65,61,NA,No FAC
1920,Sf36fd7f0,NA,NA,NA,NA,55,FAC
1819,Se9c3f95a,NA,NA,64,0,NA,No FAC
1920,Se9c3f95a,NA,NA,NA,74,NA,No FAC
1819,Se168a21b,NA,NA,11,NA,NA,No FAC
1819,S53cd7bb1,NA,NA,NA,49,NA,No FAC
1819,S473079bb,NA,NA,94,NA,NA,No FAC
1819,Scd5b7d72,NA,NA,NA,42,NA,No FAC
1819,S7fe357af,NA,NA,NA,51,NA,No FAC
1819,S1e649b90,NA,NA,NA,0,NA,No FAC
1819,Sc78164db,NA,NA,90,NA,NA,No FAC
1819,S0dc2f87e,NA,NA,NA,NA,50,FAC
1819,Sf263b399,NA,NA,40,NA,NA,No FAC
1819,S4454786e,NA,NA,0,NA,NA,No FAC
1819,Se554ba75,NA,NA,49,37,NA,No FAC
1819,Sfdc1a502,NA,NA,25,NA,NA,No FAC
1920,Sb862b653,NA,NA,NA,NA,13,FAC
1819,Se24f41fb,NA,NA,0,NA,NA,No FAC
1819,Sc8c81aac,NA,NA,84,NA,NA,No FAC
1819,S4241b340,NA,NA,NA,45,NA,No FAC
1819,S8919e24c,NA,NA,NA,NA,0,FAC
1819,Scef55e2a,NA,NA,46,50,48,FAC
1819,Sd11e0b43,NA,NA,0,0,0,FAC
1920,S15a4485d,NA,NA,NA,0,NA,No FAC
1819,S8cb61bbc,NA,NA,0,0,NA,No FAC
1819,S9e1f11c5,NA,NA,77,NA,NA,No FAC
1819,S27f6e3b6,NA,NA,NA,0,NA,No FAC
1920,S06574cd0,NA,NA,NA,NA,NA,No FAC
1819,S851fa663,NA,NA,NA,NA,77,FAC
1819,Sf0374468,NA,NA,72,NA,54,FAC
1819,S3f60161e,NA,NA,NA,NA,51,FAC
1819,S517d46ae,NA,NA,58,NA,NA,No FAC
1920,S0a23f78e,NA,NA,NA,NA,75,FAC
1920,Sfaf6b0bf,NA,NA,53,NA,NA,No FAC
1819,Sc9712053,NA,NA,NA,35,NA,No FAC
1920,Sc9712053,NA,NA,NA,46,NA,No FAC
1819,Sdb3a6c4d,NA,NA,89,NA,NA,No FAC
1920,Sb967ae28,NA,NA,64,NA,NA,No FAC
1819,Sd77b394c,NA,NA,0,0,NA,No FAC
1920,Sbc7ffe63,NA,NA,NA,NA,60,FAC
1920,S946a13ce,NA,NA,NA,NA,85,FAC
1819,Sf51f9c2a,NA,NA,NA,45,NA,No FAC
1920,Sf51f9c2a,NA,NA,NA,NA,61,FAC
1920,S6bacd660,NA,NA,NA,NA,84,FAC
1920,S2a948025,NA,NA,50,NA,NA,No FAC
1920,S6fd5d513,NA,NA,NA,NA,9,FAC
1819,S5b537f99,NA,NA,70,NA,NA,No FAC
1920,Sca78233d,NA,NA,NA,NA,80,FAC
1819,S97b82600,NA,NA,70,58,NA,No FAC
1920,Sb0ba4fda,NA,NA,26,NA,NA,No FAC
1920,S51b1ec24,NA,NA,NA,NA,78,FAC
1819,S101614cd,NA,NA,51,49,NA,No FAC
1819,S64f9e576,NA,NA,63,NA,NA,No FAC
1920,S7f4c2b7e,NA,NA,NA,0,NA,No FAC
1819,S865275a7,NA,NA,58,40,NA,No FAC
1819,Sdd0cb126,NA,NA,31,40,NA,No FAC
1920,Sdd0cb126,NA,NA,33,NA,NA,No FAC
1819,S352fff22,NA,NA,65,41,NA,No FAC
1920,S64ef19e2,NA,NA,NA,0,NA,No FAC
1819,S039011d4,NA,NA,76,54,NA,No FAC
1920,Sa7b8ddc8,NA,NA,34,NA,NA,No FAC
1819,S73fa2e53,NA,NA,57,NA,NA,No FAC
1920,S0c103912,NA,NA,NA,60,NA,No FAC
1819,S6d3188a2,NA,NA,0,11,NA,No FAC
1819,Sc0874f94,NA,NA,66,44,NA,No FAC
1819,Sab662665,NA,NA,74,NA,NA,No FAC
1920,Sab662665,NA,NA,NA,NA,79,FAC
1920,S2ac90e19,NA,NA,NA,NA,60,FAC
1920,Sc6821fe5,NA,NA,87,83,NA,No FAC
1819,S5cac3b58,NA,NA,NA,82,NA,No FAC
1920,S5cac3b58,NA,NA,78,NA,NA,No FAC
1920,S007d4239,NA,NA,NA,NA,100,FAC
1819,S7675714d,NA,NA,85,NA,NA,No FAC
1819,S2586fce7,NA,NA,56,NA,NA,No FAC
1920,S9b3ede85,NA,NA,23,NA,NA,No FAC
1819,S2721a442,NA,NA,NA,50,NA,No FAC
1920,Se4545e35,NA,NA,0,NA,83,FAC
1819,S0a63696a,NA,NA,42,0,NA,No FAC
1920,S0a63696a,NA,NA,NA,68,NA,No FAC
1920,S9bd65cb6,NA,NA,NA,NA,85,FAC
1920,S5b1f466c,NA,NA,NA,0,70,FAC
1920,S84fa8f00,NA,NA,47,58,0,FAC
1920,Sa47c2d1b,NA,NA,NA,NA,99,FAC
1920,S83dced6d,NA,NA,NA,NA,47,FAC
1819,S89208059,NA,NA,NA,NA,46,FAC
1819,S89de8b5f,NA,NA,0,NA,NA,No FAC
1819,S352973ab,NA,NA,42,NA,NA,No FAC
1920,Sa16acec3,NA,NA,NA,NA,63,FAC
1920,S13eecf88,NA,NA,54,NA,NA,No FAC
1819,Sf4cd3ebb,NA,NA,83,48,NA,No FAC
1920,Sa21c7942,NA,NA,45,NA,NA,No FAC
1920,Sf58897f1,NA,NA,NA,NA,14,FAC
1920,Sc6555c9f,NA,NA,NA,NA,52,FAC
1819,S76de1d28,NA,NA,0,NA,NA,No FAC
1819,S682321ba,NA,NA,65,NA,NA,No FAC
1920,S57eb1f62,NA,NA,NA,NA,13,FAC
1819,S867d5a10,NA,NA,5,30,NA,No FAC
1920,S867d5a10,NA,NA,53,86,71,FAC
1920,S2035d695,NA,NA,0,NA,NA,No FAC
1920,S9a348fbe,NA,NA,NA,NA,77,FAC
1920,Sb41e0b9e,NA,NA,NA,78,NA,No FAC
1819,Sf1c1a933,NA,NA,0,0,NA,No FAC
1920,Sf84b7386,NA,NA,NA,0,NA,No FAC
1819,S9bb1c02d,NA,NA,66,NA,NA,No FAC
1920,Sbeb6b3bc,NA,NA,NA,88,0,FAC
1920,S88214c01,NA,NA,NA,49,51,FAC
1819,Sd35db6dd,NA,NA,0,NA,NA,No FAC
1920,S71753947,NA,NA,NA,NA,76,FAC
1920,Sfdc1d42d,NA,NA,NA,54,NA,No FAC
1920,S51ecd7a0,NA,NA,0,58,NA,No FAC
1920,Sb79f72d0,NA,NA,NA,NA,76,FAC
1819,Sdc5c50dd,NA,NA,NA,NA,0,FAC
1920,Sdc5c50dd,NA,NA,NA,0,NA,No FAC
1920,Sa588e9c5,NA,NA,47,45,54,FAC
1920,S3010e13e,NA,NA,NA,0,NA,No FAC
1920,S380b4ec5,NA,NA,NA,57,NA,No FAC
1920,Sb2ebde7d,NA,NA,0,0,50,FAC
1819,Sda3c0484,NA,NA,53,48,NA,No FAC
1920,Sa308d6f0,NA,NA,35,0,NA,No FAC
1920,Sa5bf2a91,NA,NA,NA,0,NA,No FAC
2021,S300b0c40,NA,NA,NA,NA,78,FAC
1819,S57aa82c5,NA,NA,59,50,NA,No FAC
1819,S58a06745,NA,NA,56,40,68,FAC
1920,S412e5ed9,NA,NA,NA,43,NA,No FAC
2021,S8b9191d0,NA,NA,0,NA,NA,No FAC
1920,Sf95632a6,NA,NA,0,NA,NA,No FAC
1920,S3872996f,NA,NA,NA,93,58,FAC
1819,Sdf8feeef,NA,NA,75,NA,NA,No FAC
1819,Sceda00b2,NA,NA,85,NA,NA,No FAC
1819,Se924a427,NA,NA,NA,63,NA,No FAC
1920,Sc3fd9b93,NA,NA,0,NA,NA,No FAC
1819,S1607cbd9,NA,NA,54,NA,NA,No FAC
1819,S99c57a70,NA,NA,67,52,NA,No FAC
1819,S3bc722e8,NA,NA,26,NA,NA,No FAC
1920,S23523d9f,NA,NA,NA,NA,87,FAC
1819,S42ad947f,NA,NA,79,NA,NA,No FAC
1819,S2a0d6219,NA,NA,64,NA,NA,No FAC
1819,S1f5e25d1,NA,NA,91,NA,NA,No FAC
1920,Sb83c9e98,NA,NA,NA,NA,77,FAC
1819,Sd06bd390,NA,NA,34,NA,NA,No FAC
1819,S58b82842,NA,NA,NA,0,NA,No FAC
1920,S076854de,NA,NA,0,NA,NA,No FAC
1819,S2c7ee424,NA,NA,NA,NA,61,FAC
1920,Sfda04c80,NA,NA,NA,NA,63,FAC
1819,S4bc9e394,NA,NA,99,NA,NA,No FAC
1920,S11e4143c,NA,NA,NA,NA,47,FAC
1920,S2fe838c9,NA,NA,NA,NA,53,FAC
1819,S072a7d5c,NA,NA,69,77,NA,No FAC
1819,S7ede49f1,NA,NA,NA,41,NA,No FAC
1920,S5a31a9e0,NA,NA,NA,NA,99,FAC
1920,S2fc57eb0,NA,NA,65,NA,NA,No FAC
1920,S3a0ba058,NA,NA,35,NA,NA,No FAC
2021,Sdb28674c,NA,NA,NA,NA,17,FAC
1920,S81842b83,NA,NA,52,NA,NA,No FAC
1920,Sf0579b43,NA,NA,40,66,NA,No FAC
2021,Sa195ce6b,NA,NA,89,NA,NA,No FAC
1920,Scf08e268,NA,NA,64,NA,NA,No FAC
1920,S0a4b5f19,NA,NA,56,94,NA,No FAC
1920,S903b1f47,NA,NA,47,58,NA,No FAC
1920,Sc3889664,NA,NA,0,0,NA,No FAC
2021,Sc3889664,NA,NA,8,NA,NA,No FAC
1920,S6e029186,NA,NA,72,79,NA,No FAC
1920,Sf5e91563,NA,NA,NA,94,NA,No FAC
1920,S1854c611,NA,NA,66,82,18,FAC
1920,S584b9d29,NA,NA,59,88,NA,No FAC
1920,Se0db06c4,NA,NA,65,NA,NA,No FAC
2021,Sd21d9ee0,NA,NA,35,NA,61,FAC
1920,S1d0abdbe,NA,NA,0,0,NA,No FAC
2021,S1d0abdbe,NA,NA,0,NA,NA,No FAC
2021,S6e60ab52,NA,NA,61,NA,NA,No FAC
1920,S8a6138f6,NA,NA,43,NA,NA,No FAC
1920,S80aa7dd4,NA,NA,NA,NA,75,FAC
2021,Sff1a3117,NA,NA,49,NA,NA,No FAC
2021,S3442601b,NA,NA,15,NA,NA,No FAC
1920,Sb391cfbc,NA,NA,68,83,NA,No FAC
2021,Sc6251c65,NA,NA,0,NA,NA,No FAC
1920,S1e7919c8,NA,NA,52,NA,NA,No FAC
2021,S6bc6bc30,NA,NA,58,NA,NA,No FAC
1920,S89334802,NA,NA,72,82,NA,No FAC
1920,S052f23d2,NA,NA,87,NA,NA,No FAC
1920,Sbc640dac,NA,NA,55,86,NA,No FAC
1920,S8a73fb03,NA,NA,NA,NA,75,FAC
1920,Saa56dc22,NA,NA,45,53,NA,No FAC
1920,S1471ce0f,NA,NA,57,65,NA,No FAC
2021,Sc8b17053,NA,NA,NA,NA,65,FAC
1920,S106d97ae,NA,NA,77,99,NA,No FAC
1920,S6f0d4da9,NA,NA,0,0,0,FAC
2021,Se673e8a3,NA,NA,NA,NA,77,FAC
2021,Sf9c1cc8e,NA,NA,74,NA,NA,No FAC
2021,Sf10ebf71,NA,NA,0,NA,NA,No FAC
1920,Sc8534395,NA,NA,90,89,NA,No FAC
1920,Sfbacb6a6,NA,NA,NA,NA,0,FAC
1920,Se0db2d9f,NA,NA,NA,NA,53,FAC
2021,S942ac9ef,NA,NA,6,NA,NA,No FAC
2021,S4dbadc72,NA,NA,53,NA,NA,No FAC
1920,Saf19a5fc,NA,NA,58,NA,NA,No FAC
2021,Se5cce2d1,NA,NA,NA,NA,87,FAC
2021,S8c28916b,NA,NA,71,NA,NA,No FAC
1920,S4bb0c543,NA,NA,NA,NA,65,FAC
1920,Sc2da2f35,NA,NA,70,77,NA,No FAC
1920,Sebddbf59,NA,NA,32,85,NA,No FAC
1920,Sb48c0d03,NA,NA,NA,NA,71,FAC
1920,S8e622dab,NA,NA,65,NA,NA,No FAC
1920,S7dcaab3a,NA,NA,69,NA,NA,No FAC
2021,S3eca9595,NA,NA,87,NA,NA,No FAC
1920,Sfb9d1239,NA,NA,NA,NA,65,FAC
1920,S89907880,NA,NA,NA,NA,64,FAC
2021,S9c88bc25,NA,NA,75,NA,NA,No FAC
1920,Se32880fb,NA,NA,NA,80,NA,No FAC
1920,S8d3f61be,NA,NA,0,56,NA,No FAC
1920,S15de0864,NA,NA,31,93,NA,No FAC
1920,S95b4f5e1,NA,NA,NA,NA,58,FAC
1920,S1f8195cb,NA,NA,79,48,NA,No FAC
1920,Sf8e84f67,NA,NA,NA,NA,86,FAC
1920,Sdf34d5af,NA,NA,44,91,NA,No FAC
1920,Sf3f9e6e1,NA,NA,48,86,NA,No FAC
1920,Se04b2131,NA,NA,0,0,NA,No FAC
2021,S6331b8c5,NA,NA,69,NA,NA,No FAC
2021,Sad5f6ce6,NA,NA,92,NA,86,FAC
2021,Saa65a8a8,NA,NA,NA,NA,36,FAC
1920,Sbcd7eed7,NA,NA,82,NA,NA,No FAC
1920,S4286eb37,NA,NA,93,NA,NA,No FAC
1920,Safcc832b,NA,NA,NA,NA,59,FAC
1920,S7bd01453,NA,NA,NA,76,NA,No FAC
1920,Sf82e6d91,NA,NA,NA,NA,79,FAC
1920,S2f47829f,NA,NA,55,NA,NA,No FAC
2021,Sbc01d1b2,NA,NA,NA,NA,87,FAC
2021,S7d38f0ce,NA,NA,0,NA,NA,No FAC
2021,S417b06ad,NA,NA,NA,NA,79,FAC
2021,Saa8c2325,NA,NA,53,NA,NA,No FAC
2021,Sf186ac51,NA,NA,NA,NA,46,FAC
2021,S47cc642f,NA,NA,NA,NA,80,FAC
2021,Scdd47318,NA,NA,60,NA,NA,No FAC
2021,Sd34b00ff,NA,NA,67,NA,NA,No FAC
2021,S4b164ba1,NA,NA,NA,NA,84,FAC
2021,S7cced902,NA,NA,0,NA,NA,No FAC
2021,S7215a607,NA,NA,NA,NA,70,FAC
2021,S637c888e,NA,NA,0,NA,NA,No FAC
2021,S74bdfdd8,NA,NA,0,NA,NA,No FAC
2021,S011c384a,NA,NA,NA,NA,86,FAC
2021,S42f6dc7c,NA,NA,NA,NA,83,FAC
2021,S651b2232,NA,NA,81,NA,NA,No FAC
2021,S8c233f7c,NA,NA,71,NA,NA,No FAC
2021,S7d8ea3a6,NA,NA,NA,NA,67,FAC
2021,S0075e1d0,NA,NA,NA,NA,79,FAC
2021,S68e9a2c3,NA,NA,NA,NA,82,FAC
2021,Sb6c39140,NA,NA,NA,NA,78,FAC
2021,S589e0035,NA,NA,NA,NA,75,FAC
2021,S47267eaf,NA,NA,51,NA,NA,No FAC
2021,S40dfc346,NA,NA,0,NA,NA,No FAC
2021,Sa728ee71,NA,NA,NA,NA,59,FAC
2021,S5b940648,NA,NA,NA,NA,76,FAC
2021,S5a33e965,NA,NA,NA,NA,49,FAC
2021,S3dd216c8,NA,NA,25,NA,NA,No FAC
2021,Scc83ac1f,NA,NA,NA,NA,65,FAC
2021,S175ffc6a,NA,NA,75,NA,NA,No FAC
2021,S672bd626,NA,NA,51,NA,NA,No FAC
2021,S6de09304,NA,NA,NA,NA,77,FAC
2021,Sb04a1e1d,NA,NA,35,NA,NA,No FAC
2021,S494e1fcf,NA,NA,0,NA,NA,No FAC
2021,Sedec1e95,NA,NA,NA,NA,85,FAC
2021,S49e6ecd4,NA,NA,2,NA,NA,No FAC
2021,S121af458,NA,NA,NA,NA,68,FAC
2021,S94b03261,NA,NA,NA,NA,78,FAC
2021,Sef4b3391,NA,NA,NA,NA,62,FAC
2021,S53367382,NA,NA,44,NA,NA,No FAC
2021,S33faedc2,NA,NA,NA,NA,68,FAC
2021,S115a4759,NA,NA,NA,NA,49,FAC
2021,Sacdef925,NA,NA,NA,NA,53,FAC
2021,S940dd731,NA,NA,NA,NA,87,FAC
2021,S8f2e07fd,NA,NA,84,NA,NA,No FAC
2021,S9936ea33,NA,NA,NA,NA,6,FAC
2021,S79f374f6,NA,NA,0,NA,NA,No FAC
2021,S7cd12046,NA,NA,4,NA,NA,No FAC
2021,Sb542d509,NA,NA,NA,NA,83,FAC
2021,Sa1ab733d,NA,NA,NA,NA,53,FAC
2021,S6d00b0ce,NA,NA,52,NA,NA,No FAC
2021,S2d155a03,NA,NA,NA,NA,78,FAC
2021,S5e5d72b2,NA,NA,24,NA,10,FAC
2021,S3ed1e87b,NA,NA,NA,NA,66,FAC
2021,S2ea2b92e,NA,NA,NA,NA,0,FAC
2021,S83220f39,NA,NA,3,NA,NA,No FAC
2021,Sf95436e6,NA,NA,0,NA,NA,No FAC
2021,Sf00aaeb4,NA,NA,6,NA,0,FAC
2021,Sd256bcc1,NA,NA,87,NA,NA,No FAC
2021,Sa736c6bd,NA,NA,NA,NA,63,FAC
2021,S64b54070,NA,NA,NA,NA,80,FAC
2021,S541ed7dd,NA,NA,NA,NA,0,FAC
2021,S220884c3,NA,NA,0,NA,NA,No FAC
2021,S1fe6b29b,NA,NA,0,NA,NA,No FAC
2021,S6f17c6f7,NA,NA,NA,NA,67,FAC
2021,S816ada37,NA,NA,47,NA,12,FAC
2021,S446963cf,NA,NA,84,NA,NA,No FAC
2021,S382baefe,NA,NA,86,NA,NA,No FAC
2021,S28c75107,NA,NA,0,NA,NA,No FAC
2021,S161565a2,NA,NA,12,NA,NA,No FAC
2021,S29421e94,NA,NA,76,NA,68,FAC
2021,S2334cb47,NA,NA,64,NA,NA,No FAC
2021,S04940b31,NA,NA,NA,NA,56,FAC
2021,S12b85197,NA,NA,NA,NA,69,FAC
2021,Sc71d49a8,NA,NA,41,NA,NA,No FAC
2021,Sdbe51ad0,NA,NA,0,NA,NA,No FAC
2021,S00ed7de3,NA,NA,NA,NA,85,FAC
2021,S23ab104a,NA,NA,NA,NA,70,FAC
2021,Sdcf242c1,NA,NA,NA,NA,76,FAC
2021,Sce302946,NA,NA,NA,NA,50,FAC
2021,S16e6940c,NA,NA,72,NA,NA,No FAC
